date_before,date_after,emiten,issuer_name,investor,local_foreign,domicile,shares_before,shares_after,delta_shares,delta_pct_of_position,pct_before,pct_after,delta_pp,status,brokers_moved,offset_by
2026-08-31,2026-09-01,ABDA,"ASURANSI BINA DANA ARTA Tbk, PT",OONA INDONESIA PTE LTD,A,SINGAPORE,538604204,538605204,1000,0.00,86.76,86.76,0.00,up,"CC MANDIRI SEKURITAS, PT",
2026-08-31,2026-09-01,ADMF,"ADIRA DINAMIKA MULTI FINANCE Tbk, PT",MUFG Bank Ltd,A,JAPAN,233537759,233530259,-7500,-0.00,18.90,18.90,0.00,down,"BANK DANAMON INDONESIA Tbk, PT",
2026-08-31,2026-09-01,ARNA,"ARWANA CITRAMULIA Tbk, PT","PT ARWANA CITRAMULIA, Tbk",L,INDONESIA,377493200,377693200,200000,0.05,5.14,5.14,0.00,up,DR PT RHB SEKURITAS INDONESIA,
2026-08-31,2026-09-01,BAPA,"BEKASI ASRI PEMULA Tbk, PT",BELVIN TANNADI,L,INDONESIA,60594500,67387900,6793400,11.21,9.16,10.18,1.02,up,YP PT MIRAE ASSET SEKURITAS INDONESIA | XA PT NH KORINDO SEKURITAS INDONESIA | XL PT. STOCKBIT SEKURITAS DIGITAL,
2026-08-31,2026-09-01,BEEF,"ESTIKA TATA TIARA Tbk, PT",DIMAS WIBOWO,L,INDONESIA,678045042,679945042,1900000,0.28,8.35,8.37,0.02,up,SQ PT BCA SEKURITAS,
2026-08-31,2026-09-01,BTEL,"BAKRIE TELECOM Tbk, PT",PT BTEL INTERNASIONAL SINGAPURA,L,INDONESIA,0,16143540000,16143540000,,0.00,26.10,26.10,in,"OD BRI DANAREKSA SEKURITAS, PT",
2026-08-31,2026-09-01,COIN,"INDOKRIPTO KOIN SEMESTA Tbk, PT","BAHANA NUSANTARA INDOJAYA, PT",L,INDONESIA,2910504000,2909454000,-1050000,-0.04,19.79,19.78,-0.01,down,KI PT CIPTADANA SEKURITAS ASIA,
2026-08-31,2026-09-01,DEWI,"DEWI SHRI FARMINDO Tbk, PT",SUJITO NGATIMAN,L,INDONESIA,156296000,148585600,-7710400,-4.93,7.81,7.43,-0.38,down,XA PT NH KORINDO SEKURITAS INDONESIA,
2026-08-31,2026-09-01,EMAS,"MERDEKA GOLD RESOURCES Tbk, PT",MERDEKA COPPER GOLD TBK PT,L,INDONESIA,9489407165,9508829365,19422200,0.20,64.42,64.55,0.13,up,PD PT INDO PREMIER SEKURITAS,
2026-08-31,2026-09-01,ENRG,"ENERGI MEGA PERSADA Tbk, PT",PT MAYBANK SEKURITAS INDONESIA - REGISTRAR,L,INDONESIA,2256258600,2256280900,22300,0.00,8.49,8.49,0.00,up,ZP PT MAYBANK SEKURITAS INDONESIA,
2026-08-31,2026-09-01,FILM,"MD ENTERTAINMENT Tbk, PT",PT SAMUEL SEKURITAS INDONESIA,L,INDONESIA,659781900,640643500,-19138400,-2.90,6.06,5.88,-0.18,down,"IF SAMUEL SEKURITAS INDONESIA, PT",
2026-08-31,2026-09-01,FUJI,"FUJI FINANCE INDONESIA Tbk, PT",JEFRI NEDI,L,INDONESIA,112550100,111022000,-1528100,-1.36,8.66,8.54,-0.12,down,CP PT KB VALBURY SEKURITAS,
2026-08-31,2026-09-01,GPRA,"PERDANA GAPURAPRIMA Tbk, PT","ABADIMUKTI GUNALESTARI, PT",L,INDONESIA,1956204420,1956121120,-83300,-0.00,45.74,45.74,0.00,down,XA PT NH KORINDO SEKURITAS INDONESIA,
2026-08-31,2026-09-01,GRPH,"GRIPTHA PUTRA PERSADA Tbk, PT",JUNIAWAN,L,INDONESIA,59542900,60542900,1000000,1.68,5.95,6.05,0.10,up,YP PT MIRAE ASSET SEKURITAS INDONESIA,
2026-08-31,2026-09-01,HYGN,"ECOCARE INDO PASIFIK Tbk, PT",PERSHING LLC MAIN CUSTODY ACCOUNT,A,UNITED STATES,171855100,173622900,1767800,1.03,6.81,6.88,0.07,up,"CITIBANK, N. A",
2026-08-31,2026-09-01,IMJS,"INDOMOBIL MULTI JASA Tbk, PT",PT. INDOMOBIL SUKSES INTERNASIONAL TBK,L,INDONESIA,9978217076,9978217076,0,0.00,91.97,91.97,0.00,shuffle,"OK NET SEKURITAS, PT | RF PT BUANA CAPITAL SEKURITAS",
2026-08-31,2026-09-01,IMPC,"IMPACK PRATAMA INDUSTRI Tbk, PT",TUNGGAL JAYA INVESTAMA PT,L,INDONESIA,5162222894,5163415394,1192500,0.02,9.40,9.40,0.00,up,SQ PT BCA SEKURITAS,
2026-08-31,2026-09-01,INPS,"INDAH PRAKASA SENTOSA Tbk, PT",PT GRAHA INTI GUNA PERSADA,L,INDONESIA,513633000,512983000,-650000,-0.13,79.02,78.92,-0.10,down,IC PT INTEGRITY CAPITAL SEKURITAS | MI PT VICTORIA SEKURITAS INDONESIA,
2026-08-31,2026-09-01,JECX,"NITRASANATA DHARMA Tbk, PT",SARANA MEDITAMA METROPOLITAN TBK PT,L,INDONESIA,1019701900,1021081900,1380000,0.14,31.34,31.39,0.05,up,LG PT. TRIMEGAH SEKURITAS INDONESIA TBK,
2026-08-31,2026-09-01,KBAG,"KARYA BERSAMA ANUGERAH Tbk, PT",SALIM LIM,L,INDONESIA,737385200,737485200,100000,0.01,10.31,10.31,0.00,up,"NI BNI SEKURITAS, PT",
2026-08-31,2026-09-01,KDTN,"PURI SENTUL PERMAI Tbk, PT",PT PUTRASAKTI MANDIRI,L,INDONESIA,415200000,410000000,-5200000,-1.25,33.22,32.80,-0.42,down,"IF SAMUEL SEKURITAS INDONESIA, PT",
2026-08-31,2026-09-01,LPLI,"STAR PACIFIC Tbk, PT",HX TRADING LIMITED,A,"VIRGIN ISLANDS, BRITISH",207615767,207572867,-42900,-0.02,17.74,17.73,-0.01,down,IU PT INDO CAPITAL SEKURITAS,
2026-08-31,2026-09-01,LUCY,"LIMA DUA LIMA TIGA Tbk, PT",REKSA DANA HPAM BALANCED FUND,L,INDONESIA,135777700,102028700,-33749000,-24.86,8.96,6.74,-2.22,down,BUT. STANDARD CHARTERED BANK,
2026-08-31,2026-09-01,MAXI,"MAXINDO KARYA ANUGERAH Tbk, PT",PT KARYA NUSA PERDANA,L,INDONESIA,1702285700,1654785700,-47500000,-2.79,17.71,17.22,-0.49,down,FZ PT WATERFRONT SEKURITAS INDONESIA,
2026-08-31,2026-09-01,MDIY,"DAYA INTIGUNA YASA Tbk, PT",MDIH (SINGAPORE) PTE. LTD.,A,SINGAPORE,8960568600,8960718600,150000,0.00,35.57,35.57,0.00,up,BUT. STANDARD CHARTERED BANK,
2026-08-31,2026-09-01,MDIY,"DAYA INTIGUNA YASA Tbk, PT",TAN YU WEI,A,MALAYSIA,1433865300,1433925300,60000,0.00,5.69,5.69,0.00,up,BUT. STANDARD CHARTERED BANK,
2026-08-31,2026-09-01,MGLV,"NEXAI DIGITAL INFRASTRUKTUR Tbk, PT",NEXTIER DATAMATE CENTER PT,L,INDONESIA,1277759500,1275000000,-2759500,-0.22,67.08,66.93,-0.15,down,LG PT. TRIMEGAH SEKURITAS INDONESIA TBK,
2026-08-31,2026-09-01,MICE,"MULTI INDOCITRA Tbk, PT",UOB KAY HIAN CREDIT PTE LTD A/C PT BUANA GRAHA UTAMA,L,INDONESIA,290573518,291578518,1005000,0.35,48.43,48.60,0.17,up,"DH SINARMAS SEKURITAS, PT",
2026-08-31,2026-09-01,MMIX,"MULTI MEDIKA INTERNASIONAL Tbk, PT",PT MULTI INTI USAHA,L,INDONESIA,2758008700,2751666400,-6342300,-0.23,57.45,57.32,-0.13,down,AG PT KIWOOM SEKURITAS INDONESIA | YB PT Yakin Bertumbuh Sekuritas,
2026-08-31,2026-09-01,NSSS,"NUSANTARA SAWIT SEJAHTERA Tbk, PT",PT NUSANTARA MAKMUR LESTARI,L,INDONESIA,2252998300,2252938300,-60000,-0.00,9.47,9.47,0.00,down,"GR PANIN SEKURITAS Tbk, PT",
2026-08-31,2026-09-01,NSSS,"NUSANTARA SAWIT SEJAHTERA Tbk, PT",PARADISO RESOURCES LTD,A,"VIRGIN ISLANDS, BRITISH",2175973512,1867703712,-308269800,-14.17,9.14,7.85,-1.29,down,"IF SAMUEL SEKURITAS INDONESIA, PT",SAMUEL SEKURITAS INDONESIA
2026-08-31,2026-09-01,NSSS,"NUSANTARA SAWIT SEJAHTERA Tbk, PT",PT SAMUEL SEKURITAS INDONESIA,L,INDONESIA,5678143200,5986413000,308269800,5.43,23.86,25.15,1.29,up,"IF SAMUEL SEKURITAS INDONESIA, PT",PARADISO RESOURCES
2026-08-31,2026-09-01,OBMD,"OBM DRILCHEM Tbk, PT",HENDRA,L,INDONESIA,0,75575300,75575300,,0.00,9.38,9.38,in,LG PT. TRIMEGAH SEKURITAS INDONESIA TBK,
2026-08-31,2026-09-01,PRDA,"PRODIA WIDYAHUSADA Tbk, PT",PT PRODIA WIDYAHUSADA TBK,L,INDONESIA,49692800,51024500,1331700,2.68,5.30,5.44,0.14,up,PT BANK DBS INDONESIA,
2026-08-31,2026-09-01,SINI,"SINGARAJA PUTRA Tbk, PT",PT PETROSEA TBK,L,INDONESIA,239105000,239105000,0,0.00,19.88,19.88,0.00,shuffle,"BANK CENTRAL ASIA Tbk, PT | HP PT HENAN PUTIHRAI SEKURITAS",
2026-08-31,2026-09-01,SMMA,"SINAR MAS MULTIARTHA Tbk, PT",SINAR MAS CAKRAWALA,L,INDONESIA,3172447365,3171496123,-951242,-0.03,49.82,49.81,-0.01,down,"DH SINARMAS SEKURITAS, PT",
2026-08-31,2026-09-01,STRK,"LOVINA BEACH BREWERY Tbk, PT",PHILLIP SECURITIES PTE LTD,A,SINGAPORE,1701942700,1702942700,1000000,0.06,15.87,15.88,0.01,up,KK PT PHILLIP SEKURITAS INDONESIA,
2026-08-31,2026-09-01,SURI,"MAJA AGUNG LATEXINDO Tbk, PT",HANSEN JAP,L,INDONESIA,5455890600,5457557100,1666500,0.03,86.13,86.16,0.03,up,YP PT MIRAE ASSET SEKURITAS INDONESIA,
2026-08-31,2026-09-01,TCID,"MANDOM INDONESIA Tbk, PT",KALON MIDCO HOLDINGS CO LTD,A,JAPAN,0,267330074,267330074,,0.00,66.48,66.48,in,"BANK DANAMON INDONESIA Tbk, PT",
2026-08-31,2026-09-01,TRST,"TRIAS SENTOSA Tbk, PT","PRIMA POLYCON INDAH, PT.",L,INDONESIA,163625060,163665060,40000,0.02,5.83,5.83,0.00,up,AZ PT SUCOR SEKURITAS,
2026-08-31,2026-09-01,TSPC,"TEMPO SCAN PACIFIC Tbk, PT",PT. BOGAMULIA NAGADI,L,INDONESIA,4106902918,4107010118,107200,0.00,91.06,91.07,0.01,up,TP PT OCBC SEKURITAS INDONESIA,
2026-08-31,2026-09-01,UNTR,"UNITED TRACTORS Tbk, PT",PT UNITED TRACTORS TBK,L,INDONESIA,280621900,281919600,1297700,0.46,7.52,7.56,0.04,up,"BANK RAKYAT INDONESIA (PERSERO), PT",
2026-08-31,2026-09-01,YULE,"YULIE SEKURITAS INDONESIA Tbk, PT",Sabrina Evelyn Elian,L,INDONESIA,91326516,91326716,200,0.00,5.12,5.12,0.00,up,RB PT INA SEKURITAS INDONESIA,
2026-09-01,2026-09-02,ABDA,"ASURANSI BINA DANA ARTA Tbk, PT",OONA INDONESIA PTE LTD,A,SINGAPORE,538605204,538608904,3700,0.00,86.76,86.76,0.00,up,"CC MANDIRI SEKURITAS, PT",
2026-09-01,2026-09-02,ADMF,"ADIRA DINAMIKA MULTI FINANCE Tbk, PT",MUFG Bank Ltd,A,JAPAN,233530259,233516959,-13300,-0.01,18.90,18.90,0.00,down,"BANK DANAMON INDONESIA Tbk, PT",
2026-09-01,2026-09-02,AISA,"FKS FOOD SEJAHTERA Tbk, PT",PT PANGAN SEJAHTERA INVESTAMA,L,INDONESIA,5464611100,5465725100,1114000,0.02,58.68,58.70,0.02,up,YU PT CGS International Sekuritas Indonesia,
2026-09-01,2026-09-02,AMMN,"AMMAN MINERAL INTERNASIONAL Tbk, PT",PT SUMBER GEMILANG PERSADA,L,INDONESIA,23332191394,23332191394,0,0.00,32.17,32.17,0.00,shuffle,"BANK RAKYAT INDONESIA (PERSERO), PT | RB PT INA SEKURITAS INDONESIA",
2026-09-01,2026-09-02,BDKR,"BERDIKARI PONDASI PERKASA Tbk, PT","HARUNA BINOSWARA JAYA, PT",L,INDONESIA,286156500,286051400,-105100,-0.04,6.06,6.05,-0.01,down,CP PT KB VALBURY SEKURITAS,
2026-09-01,2026-09-02,BEEF,"ESTIKA TATA TIARA Tbk, PT",DIMAS WIBOWO,L,INDONESIA,679945042,681270042,1325000,0.19,8.37,8.39,0.02,up,SQ PT BCA SEKURITAS,
2026-09-01,2026-09-02,BNBR,"BAKRIE & BROTHERS Tbk, PT",LEVOCA ENTERPRISE LTD,A,MARSHALL ISLANDS,0,23898722798,23898722798,,0.00,9.08,9.08,in,KI PT CIPTADANA SEKURITAS ASIA,
2026-09-01,2026-09-02,BSML,"BINTANG SAMUDERA MANDIRI LINES Tbk, PT",PT GOLDFIVE INVESTMENT CAPITAL,L,INDONESIA,677965065,670765065,-7200000,-1.06,36.64,36.25,-0.39,down,CP PT KB VALBURY SEKURITAS | FS PT YUANTA SEKURITAS INDONESIA,
2026-09-01,2026-09-02,COIN,"INDOKRIPTO KOIN SEMESTA Tbk, PT","BAHANA NUSANTARA INDOJAYA, PT",L,INDONESIA,2909454000,2907954000,-1500000,-0.05,19.78,19.77,-0.01,down,KI PT CIPTADANA SEKURITAS ASIA,
2026-09-01,2026-09-02,CYBR,"ITSEC ASIA Tbk, PT",MB INVESTMENT MANAGEMENT PTE.LTD.,A,SINGAPORE,3531704014,3531504014,-200000,-0.01,26.19,26.19,0.00,down,TP PT OCBC SEKURITAS INDONESIA,
2026-09-01,2026-09-02,DEWI,"DEWI SHRI FARMINDO Tbk, PT",SUJITO NGATIMAN,L,INDONESIA,148585600,161335600,12750000,8.58,7.43,8.07,0.64,up,XA PT NH KORINDO SEKURITAS INDONESIA,
2026-09-01,2026-09-02,EMAS,"MERDEKA GOLD RESOURCES Tbk, PT",MERDEKA COPPER GOLD TBK PT,L,INDONESIA,9508829365,9549697365,40868000,0.43,64.55,64.83,0.28,up,PD PT INDO PREMIER SEKURITAS,
2026-09-01,2026-09-02,ENRG,"ENERGI MEGA PERSADA Tbk, PT",PT MAYBANK SEKURITAS INDONESIA - REGISTRAR,L,INDONESIA,2256280900,2256275700,-5200,-0.00,8.49,8.49,0.00,down,ZP PT MAYBANK SEKURITAS INDONESIA,
2026-09-01,2026-09-02,FILM,"MD ENTERTAINMENT Tbk, PT",MORGAN STANLEY AND CO INTERNATIONAL PLC,A,UNITED KINGDOM,1135705502,1146435702,10730200,0.94,10.43,10.53,0.10,up,PT Bank HSBC Indonesia,
2026-09-01,2026-09-02,FORE,"FORE KOPI INDONESIA Tbk, PT",FERRY SUDJONO,L,INDONESIA,527929700,528834900,905200,0.17,5.92,5.93,0.01,up,YU PT CGS International Sekuritas Indonesia | KI PT CIPTADANA SEKURITAS ASIA,
2026-09-01,2026-09-02,FUJI,"FUJI FINANCE INDONESIA Tbk, PT",JEFRI NEDI,L,INDONESIA,111022000,112885600,1863600,1.68,8.54,8.68,0.14,up,CP PT KB VALBURY SEKURITAS,
2026-09-01,2026-09-02,GPRA,"PERDANA GAPURAPRIMA Tbk, PT","ABADIMUKTI GUNALESTARI, PT",L,INDONESIA,1956121120,1956478620,357500,0.02,45.74,45.75,0.01,up,ZP PT MAYBANK SEKURITAS INDONESIA | XA PT NH KORINDO SEKURITAS INDONESIA,
2026-09-01,2026-09-02,HEAL,"MEDIKALOKA HERMINA Tbk, PT",DR HASMORO,L,INDONESIA,774672689,775441989,769300,0.10,5.04,5.05,0.01,up,"NI BNI SEKURITAS, PT",
2026-09-01,2026-09-02,HYGN,"ECOCARE INDO PASIFIK Tbk, PT",PERSHING LLC MAIN CUSTODY ACCOUNT,A,UNITED STATES,173622900,175213100,1590200,0.92,6.88,6.94,0.06,up,"CITIBANK, N. A",
2026-09-01,2026-09-02,IMPC,"IMPACK PRATAMA INDUSTRI Tbk, PT",TUNGGAL JAYA INVESTAMA PT,L,INDONESIA,5163415394,5166653394,3238000,0.06,9.40,9.41,0.01,up,SQ PT BCA SEKURITAS,
2026-09-01,2026-09-02,INPP,"INDONESIAN PARADISE PROPERTY Tbk, PT",CGS INTERNATIONAL SECURITIES SINGAPORE PTE LTD,A,SINGAPORE,872279000,0,-872279000,-100.00,7.80,0.00,-7.80,out,YU PT CGS International Sekuritas Indonesia,TREE OF BLESSING
2026-09-01,2026-09-02,INPP,"INDONESIAN PARADISE PROPERTY Tbk, PT",TREE OF BLESSING PTE. LTD.,A,SINGAPORE,3147549873,4019828773,872278900,27.71,28.15,35.95,7.80,up,BUT. STANDARD CHARTERED BANK,CGS INTERNATIONAL SECURITIES SINGAPORE
2026-09-01,2026-09-02,JECX,"NITRASANATA DHARMA Tbk, PT",SARANA MEDITAMA METROPOLITAN TBK PT,L,INDONESIA,1021081900,1033911000,12829100,1.26,31.39,31.78,0.39,up,LG PT. TRIMEGAH SEKURITAS INDONESIA TBK,
2026-09-01,2026-09-02,JGLE,"GRAHA ANDRASENTRA PROPERTINDO Tbk, PT",SIAUW YUNUS SUBANDI,L,INDONESIA,1200000000,1190000000,-10000000,-0.83,5.31,5.27,-0.04,down,CP PT KB VALBURY SEKURITAS,
2026-09-01,2026-09-02,KBAG,"KARYA BERSAMA ANUGERAH Tbk, PT",SALIM LIM,L,INDONESIA,737485200,737585200,100000,0.01,10.31,10.32,0.01,up,"NI BNI SEKURITAS, PT",
2026-09-01,2026-09-02,LPLI,"STAR PACIFIC Tbk, PT",HX TRADING LIMITED,A,"VIRGIN ISLANDS, BRITISH",207572867,207458067,-114800,-0.06,17.73,17.72,-0.01,down,IU PT INDO CAPITAL SEKURITAS,
2026-09-01,2026-09-02,LUCY,"LIMA DUA LIMA TIGA Tbk, PT",REKSA DANA HPAM BALANCED FUND,L,INDONESIA,102028700,0,-102028700,-100.00,6.74,0.00,-6.74,out,BUT. STANDARD CHARTERED BANK,
2026-09-01,2026-09-02,MDIY,"DAYA INTIGUNA YASA Tbk, PT",TAN YU WEI,A,MALAYSIA,1433925300,1433981100,55800,0.00,5.69,5.69,0.00,up,BUT. STANDARD CHARTERED BANK,
2026-09-01,2026-09-02,MMIX,"MULTI MEDIKA INTERNASIONAL Tbk, PT",PT MULTI INTI USAHA,L,INDONESIA,2751666400,2778600300,26933900,0.98,57.32,57.88,0.56,up,XA PT NH KORINDO SEKURITAS INDONESIA | YB PT Yakin Bertumbuh Sekuritas | LG PT. TRIMEGAH SEKURITAS INDONESIA TBK,
2026-09-01,2026-09-02,NSSS,"NUSANTARA SAWIT SEJAHTERA Tbk, PT",PT NUSANTARA MAKMUR LESTARI,L,INDONESIA,2252938300,2252753300,-185000,-0.01,9.47,9.46,-0.01,down,"GR PANIN SEKURITAS Tbk, PT",
2026-09-01,2026-09-02,PRDA,"PRODIA WIDYAHUSADA Tbk, PT",PT PRODIA WIDYAHUSADA TBK,L,INDONESIA,51024500,51329500,305000,0.60,5.44,5.48,0.04,up,PT BANK DBS INDONESIA,
2026-09-01,2026-09-02,RGAS,"KIAN SANTANG MULIATAMA Tbk, PT","KIAN MEGAH INVESTAMA, PT",L,INDONESIA,126700400,100795600,-25904800,-20.45,8.68,6.91,-1.77,down,KI PT CIPTADANA SEKURITAS ASIA,
2026-09-01,2026-09-02,SMMA,"SINAR MAS MULTIARTHA Tbk, PT",SINAR MAS CAKRAWALA,L,INDONESIA,3171496123,3179271764,7775641,0.25,49.81,49.93,0.12,up,"DH SINARMAS SEKURITAS, PT",
2026-09-01,2026-09-02,SQMI,"WILTON MAKMUR INDONESIA Tbk, PT",CGS INTERNATIONAL SECURITIES SINGAPORE PTE LTD,A,SINGAPORE,3306112129,3276112129,-30000000,-0.91,21.28,21.09,-0.19,down,YU PT CGS International Sekuritas Indonesia,
2026-09-01,2026-09-02,SURI,"MAJA AGUNG LATEXINDO Tbk, PT",HANSEN JAP,L,INDONESIA,5457557100,5459055100,1498000,0.03,86.16,86.18,0.02,up,YP PT MIRAE ASSET SEKURITAS INDONESIA,
2026-09-01,2026-09-02,TRST,"TRIAS SENTOSA Tbk, PT","PRIMA POLYCON INDAH, PT.",L,INDONESIA,163665060,163705060,40000,0.02,5.83,5.83,0.00,up,AZ PT SUCOR SEKURITAS,
2026-09-01,2026-09-02,UANG,"PAKUAN Tbk, PT",PT BHINEKA ABADI INVESTAMA,L,INDONESIA,114773100,114773100,0,0.00,9.49,9.49,0.00,shuffle,"CITIBANK, N. A | CC MANDIRI SEKURITAS, PT",
2026-09-01,2026-09-02,UNTR,"UNITED TRACTORS Tbk, PT",PT UNITED TRACTORS TBK,L,INDONESIA,281919600,286083100,4163500,1.48,7.56,7.67,0.11,up,"BANK RAKYAT INDONESIA (PERSERO), PT",
2026-09-01,2026-09-02,UVCR,"TRIMEGAH KARYA PRATAMA Tbk, PT",DENNY TRICAHYA KUSUMA,L,INDONESIA,0,137771727,137771727,,0.00,6.89,6.89,in,CP PT KB VALBURY SEKURITAS | KK PT PHILLIP SEKURITAS INDONESIA | SF PT SURYA FAJAR SEKURITAS | XL PT. STOCKBIT SEKURITAS DIGITAL,
2026-09-01,2026-09-02,UVCR,"TRIMEGAH KARYA PRATAMA Tbk, PT",PT TRIMEGAH SUMBER MAS,L,INDONESIA,623557467,323557467,-300000000,-48.11,31.18,16.18,-15.00,down,CP PT KB VALBURY SEKURITAS,
2026-09-01,2026-09-02,YULE,"YULIE SEKURITAS INDONESIA Tbk, PT",Sabrina Evelyn Elian,L,INDONESIA,91326716,91252416,-74300,-0.08,5.12,5.11,-0.01,down,RB PT INA SEKURITAS INDONESIA,
2026-09-02,2026-09-03,ABDA,"ASURANSI BINA DANA ARTA Tbk, PT",OONA INDONESIA PTE LTD,A,SINGAPORE,538608904,538612704,3800,0.00,86.76,86.76,0.00,up,"CC MANDIRI SEKURITAS, PT",
2026-09-02,2026-09-03,ADMF,"ADIRA DINAMIKA MULTI FINANCE Tbk, PT",MUFG Bank Ltd,A,JAPAN,233516959,233481959,-35000,-0.01,18.90,18.89,-0.01,down,"BANK DANAMON INDONESIA Tbk, PT",
2026-09-02,2026-09-03,ARNA,"ARWANA CITRAMULIA Tbk, PT","PT ARWANA CITRAMULIA, Tbk",L,INDONESIA,377693200,377893200,200000,0.05,5.14,5.15,0.01,up,DR PT RHB SEKURITAS INDONESIA,
2026-09-02,2026-09-03,BAPA,"BEKASI ASRI PEMULA Tbk, PT",BELVIN TANNADI,L,INDONESIA,67387900,69747000,2359100,3.50,10.18,10.54,0.36,up,YP PT MIRAE ASSET SEKURITAS INDONESIA | XL PT. STOCKBIT SEKURITAS DIGITAL,
2026-09-02,2026-09-03,BEEF,"ESTIKA TATA TIARA Tbk, PT",DIMAS WIBOWO,L,INDONESIA,681270042,682320042,1050000,0.15,8.39,8.40,0.01,up,SQ PT BCA SEKURITAS,
2026-09-02,2026-09-03,BIKE,"BHINEKA INOVASI KETAHANAN ENERGI Tbk, PT",SENDI,L,INDONESIA,75962140,76019540,57400,0.08,5.87,5.88,0.01,up,LG PT. TRIMEGAH SEKURITAS INDONESIA TBK,
2026-09-02,2026-09-03,BNBR,"BAKRIE & BROTHERS Tbk, PT",LEVOCA ENTERPRISE LTD,A,MARSHALL ISLANDS,23898722798,23898722798,0,0.00,9.08,9.08,0.00,shuffle,KI PT CIPTADANA SEKURITAS ASIA | LG PT. TRIMEGAH SEKURITAS INDONESIA TBK,
2026-09-02,2026-09-03,BSML,"BINTANG SAMUDERA MANDIRI LINES Tbk, PT",PT GOLDFIVE INVESTMENT CAPITAL,L,INDONESIA,670765065,675665065,4900000,0.73,36.25,36.52,0.27,up,CP PT KB VALBURY SEKURITAS | FS PT YUANTA SEKURITAS INDONESIA,
2026-09-02,2026-09-03,BSML,"BINTANG SAMUDERA MANDIRI LINES Tbk, PT","SANCA GRIYA MODALINDO, PT",L,INDONESIA,97619000,0,-97619000,-100.00,5.28,0.00,-5.28,out,CP PT KB VALBURY SEKURITAS,
2026-09-02,2026-09-03,CBRE,"CAKRA BUANA RESOURCES ENERGI Tbk, PT",ANDRY HAKIM,L,INDONESIA,252761323,252761323,0,0.00,5.57,5.57,0.00,shuffle,XL PT. STOCKBIT SEKURITAS DIGITAL | LG PT. TRIMEGAH SEKURITAS INDONESIA TBK,
2026-09-02,2026-09-03,COIN,"INDOKRIPTO KOIN SEMESTA Tbk, PT","BAHANA NUSANTARA INDOJAYA, PT",L,INDONESIA,2907954000,2891754000,-16200000,-0.56,19.77,19.66,-0.11,down,KI PT CIPTADANA SEKURITAS ASIA,
2026-09-02,2026-09-03,CYBR,"ITSEC ASIA Tbk, PT",MB INVESTMENT MANAGEMENT PTE.LTD.,A,SINGAPORE,3531504014,3531304014,-200000,-0.01,26.19,26.19,0.00,down,TP PT OCBC SEKURITAS INDONESIA,
2026-09-02,2026-09-03,DEWI,"DEWI SHRI FARMINDO Tbk, PT",FERRY SAPUTRA,L,INDONESIA,101592900,104592900,3000000,2.95,5.08,5.23,0.15,up,BR PT TRUST SEKURITAS,
2026-09-02,2026-09-03,DEWI,"DEWI SHRI FARMINDO Tbk, PT",SUJITO NGATIMAN,L,INDONESIA,161335600,163815600,2480000,1.54,8.07,8.19,0.12,up,XA PT NH KORINDO SEKURITAS INDONESIA,
2026-09-02,2026-09-03,DGIK,"NUSA KONSTRUKSI ENJINIRING Tbk, PT",OCBC SECURITIES PRIVATE LIMITED,A,SINGAPORE,536808200,536728200,-80000,-0.01,9.69,9.69,0.00,down,"CITIBANK, N. A",
2026-09-02,2026-09-03,EMMI,"ESA MEDIKA MANDIRI Tbk, PT",PT YULIE SEKURITAS INDONESIA TBK,L,INDONESIA,169710300,170732300,1022000,0.60,9.74,9.80,0.06,up,RS PT YULIE SEKURITAS INDONESIA TBK,
2026-09-02,2026-09-03,ENRG,"ENERGI MEGA PERSADA Tbk, PT",PT MAYBANK SEKURITAS INDONESIA - REGISTRAR,L,INDONESIA,2256275700,2256141200,-134500,-0.01,8.49,8.49,0.00,down,ZP PT MAYBANK SEKURITAS INDONESIA,
2026-09-02,2026-09-03,FILM,"MD ENTERTAINMENT Tbk, PT",MORGAN STANLEY AND CO INTERNATIONAL PLC,A,UNITED KINGDOM,1146435702,1145621702,-814000,-0.07,10.53,10.52,-0.01,down,PT Bank HSBC Indonesia,
2026-09-02,2026-09-03,FILM,"MD ENTERTAINMENT Tbk, PT",PT SAMUEL SEKURITAS INDONESIA,L,INDONESIA,640643500,911169800,270526300,42.23,5.88,8.37,2.49,up,"IF SAMUEL SEKURITAS INDONESIA, PT",
2026-09-02,2026-09-03,FUJI,"FUJI FINANCE INDONESIA Tbk, PT",PT CHARNIC CAPITAL TBK,L,INDONESIA,104915100,104945100,30000,0.03,8.07,8.07,0.00,up,PD PT INDO PREMIER SEKURITAS,
2026-09-02,2026-09-03,FUJI,"FUJI FINANCE INDONESIA Tbk, PT",GIDEON SURYATIKA,L,INDONESIA,67675300,67676500,1200,0.00,5.21,5.21,0.00,up,"AO ERDIKHA ELIT, PT",
2026-09-02,2026-09-03,FUJI,"FUJI FINANCE INDONESIA Tbk, PT",JEFRI NEDI,L,INDONESIA,112885600,113105600,220000,0.19,8.68,8.70,0.02,up,CP PT KB VALBURY SEKURITAS,
2026-09-02,2026-09-03,GPRA,"PERDANA GAPURAPRIMA Tbk, PT","ABADIMUKTI GUNALESTARI, PT",L,INDONESIA,1956478620,1956447920,-30700,-0.00,45.75,45.75,0.00,down,XA PT NH KORINDO SEKURITAS INDONESIA,
2026-09-02,2026-09-03,GRPH,"GRIPTHA PUTRA PERSADA Tbk, PT",JUNIAWAN,L,INDONESIA,60542900,69628600,9085700,15.01,6.05,6.96,0.91,up,XL PT. STOCKBIT SEKURITAS DIGITAL,
2026-09-02,2026-09-03,HYGN,"ECOCARE INDO PASIFIK Tbk, PT",PERSHING LLC MAIN CUSTODY ACCOUNT,A,UNITED STATES,175213100,175789300,576200,0.33,6.94,6.96,0.02,up,"CITIBANK, N. A",
2026-09-02,2026-09-03,IOTF,"SUMBER SINERGI MAKMUR Tbk, PT",ALAMSYAH,L,INDONESIA,987500000,2555000000,1567500000,158.73,18.67,48.30,29.63,up,XA PT NH KORINDO SEKURITAS INDONESIA,
2026-09-02,2026-09-03,IOTF,"SUMBER SINERGI MAKMUR Tbk, PT",GRACIA PUSPITA SUCIONO,L,INDONESIA,0,1045000000,1045000000,,0.00,19.75,19.75,in,XA PT NH KORINDO SEKURITAS INDONESIA,
2026-09-02,2026-09-03,JECX,"NITRASANATA DHARMA Tbk, PT",SARANA MEDITAMA METROPOLITAN TBK PT,L,INDONESIA,1033911000,1045854800,11943800,1.16,31.78,32.15,0.37,up,LG PT. TRIMEGAH SEKURITAS INDONESIA TBK,
2026-09-02,2026-09-03,LPLI,"STAR PACIFIC Tbk, PT",HX TRADING LIMITED,A,"VIRGIN ISLANDS, BRITISH",207458067,207389167,-68900,-0.03,17.72,17.72,0.00,down,IU PT INDO CAPITAL SEKURITAS,
2026-09-02,2026-09-03,MDIY,"DAYA INTIGUNA YASA Tbk, PT",MDIH (SINGAPORE) PTE. LTD.,A,SINGAPORE,8960718600,8961018600,300000,0.00,35.57,35.57,0.00,up,BUT. STANDARD CHARTERED BANK,
2026-09-02,2026-09-03,MDIY,"DAYA INTIGUNA YASA Tbk, PT",TAN YU WEI,A,MALAYSIA,1433981100,1434039800,58700,0.00,5.69,5.69,0.00,up,BUT. STANDARD CHARTERED BANK,
2026-09-02,2026-09-03,MMIX,"MULTI MEDIKA INTERNASIONAL Tbk, PT",PT MULTI INTI USAHA,L,INDONESIA,2778600300,2787362200,8761900,0.32,57.88,58.06,0.18,up,ZP PT MAYBANK SEKURITAS INDONESIA | LG PT. TRIMEGAH SEKURITAS INDONESIA TBK,
2026-09-02,2026-09-03,NSSS,"NUSANTARA SAWIT SEJAHTERA Tbk, PT",PT NUSANTARA MAKMUR LESTARI,L,INDONESIA,2252753300,2252398300,-355000,-0.02,9.46,9.46,0.00,down,"GR PANIN SEKURITAS Tbk, PT",
2026-09-02,2026-09-03,NSSS,"NUSANTARA SAWIT SEJAHTERA Tbk, PT",PARADISO RESOURCES LTD,A,"VIRGIN ISLANDS, BRITISH",1867703712,1846375312,-21328400,-1.14,7.85,7.76,-0.09,down,"IF SAMUEL SEKURITAS INDONESIA, PT",
2026-09-02,2026-09-03,NSSS,"NUSANTARA SAWIT SEJAHTERA Tbk, PT",SAMUEL INTERNATIONAL,L,INDONESIA,3524608400,3605232000,80623600,2.29,14.81,15.15,0.34,up,"GR PANIN SEKURITAS Tbk, PT",
2026-09-02,2026-09-03,NSSS,"NUSANTARA SAWIT SEJAHTERA Tbk, PT",PT SAMUEL SEKURITAS INDONESIA,L,INDONESIA,5986413000,5917373100,-69039900,-1.15,25.15,24.86,-0.29,down,"IF SAMUEL SEKURITAS INDONESIA, PT",
2026-09-02,2026-09-03,PRDA,"PRODIA WIDYAHUSADA Tbk, PT",PT PRODIA WIDYAHUSADA TBK,L,INDONESIA,51329500,51599700,270200,0.53,5.48,5.50,0.02,up,PT BANK DBS INDONESIA,
2026-09-02,2026-09-03,RGAS,"KIAN SANTANG MULIATAMA Tbk, PT","KIAN MEGAH INVESTAMA, PT",L,INDONESIA,100795600,73214100,-27581500,-27.36,6.91,5.02,-1.89,down,KI PT CIPTADANA SEKURITAS ASIA,
2026-09-02,2026-09-03,SMMA,"SINAR MAS MULTIARTHA Tbk, PT",SINAR MAS CAKRAWALA,L,INDONESIA,3179271764,3177734356,-1537408,-0.05,49.93,49.90,-0.03,down,"DH SINARMAS SEKURITAS, PT",
2026-09-02,2026-09-03,SQMI,"WILTON MAKMUR INDONESIA Tbk, PT",CGS INTERNATIONAL SECURITIES SINGAPORE PTE LTD,A,SINGAPORE,3276112129,3209028529,-67083600,-2.05,21.09,20.65,-0.44,down,YU PT CGS International Sekuritas Indonesia,
2026-09-02,2026-09-03,SURI,"MAJA AGUNG LATEXINDO Tbk, PT",HANSEN JAP,L,INDONESIA,5459055100,5459214500,159400,0.00,86.18,86.18,0.00,up,YP PT MIRAE ASSET SEKURITAS INDONESIA,
2026-09-02,2026-09-03,TRST,"TRIAS SENTOSA Tbk, PT","PRIMA POLYCON INDAH, PT.",L,INDONESIA,163705060,163745060,40000,0.02,5.83,5.83,0.00,up,AZ PT SUCOR SEKURITAS,
2026-09-02,2026-09-03,TSPC,"TEMPO SCAN PACIFIC Tbk, PT",PT. BOGAMULIA NAGADI,L,INDONESIA,4107010118,4107129218,119100,0.00,91.07,91.07,0.00,up,TP PT OCBC SEKURITAS INDONESIA,
2026-09-02,2026-09-03,UNTR,"UNITED TRACTORS Tbk, PT",PT UNITED TRACTORS TBK,L,INDONESIA,286083100,286469500,386400,0.14,7.67,7.68,0.01,up,"BANK RAKYAT INDONESIA (PERSERO), PT",
2026-09-02,2026-09-03,UVCR,"TRIMEGAH KARYA PRATAMA Tbk, PT",DENNY TRICAHYA KUSUMA,L,INDONESIA,137771727,137726727,-45000,-0.03,6.89,6.89,0.00,down,CP PT KB VALBURY SEKURITAS,
2026-09-02,2026-09-03,VKTR,"VKTR TEKNOLOGI MOBILITAS Tbk, PT","Bakrie Metal Industries, PT",L,INDONESIA,9214036759,9214036759,0,0.00,21.06,21.06,0.00,shuffle,GA PT BNC SEKURITAS INDONESIA | KI PT CIPTADANA SEKURITAS ASIA,
2026-09-02,2026-09-03,WINR,"WINNER NUSANTARA JAYA Tbk, PT",PT. PEMENANG NUSANTARA INTERNASIONAL,L,INDONESIA,2518476700,2498476700,-20000000,-0.79,48.11,47.72,-0.39,down,AZ PT SUCOR SEKURITAS,
2026-09-03,2026-09-04,ABDA,"ASURANSI BINA DANA ARTA Tbk, PT",OONA INDONESIA PTE LTD,A,SINGAPORE,538612704,538611304,-1400,-0.00,86.76,86.76,0.00,down,"CC MANDIRI SEKURITAS, PT",
2026-09-03,2026-09-04,ABMM,ABM INVESTAMA Tbk. PT,DRS LO KHENG HONG,L,INDONESIA,155929500,155994100,64600,0.04,5.66,5.67,0.01,up,"DH SINARMAS SEKURITAS, PT",
2026-09-03,2026-09-04,ADMF,"ADIRA DINAMIKA MULTI FINANCE Tbk, PT",MUFG Bank Ltd,A,JAPAN,233481959,233469959,-12000,-0.01,18.89,18.89,0.00,down,"BANK DANAMON INDONESIA Tbk, PT",
2026-09-03,2026-09-04,ARNA,"ARWANA CITRAMULIA Tbk, PT","PT ARWANA CITRAMULIA, Tbk",L,INDONESIA,377893200,378243200,350000,0.09,5.15,5.15,0.00,up,DR PT RHB SEKURITAS INDONESIA,
2026-09-03,2026-09-04,BAPA,"BEKASI ASRI PEMULA Tbk, PT",BELVIN TANNADI,L,INDONESIA,69747000,66871400,-2875600,-4.12,10.54,10.10,-0.44,down,YP PT MIRAE ASSET SEKURITAS INDONESIA,
2026-09-03,2026-09-04,BDKR,"BERDIKARI PONDASI PERKASA Tbk, PT","HARUNA BINOSWARA JAYA, PT",L,INDONESIA,286051400,286054800,3400,0.00,6.05,6.05,0.00,up,CP PT KB VALBURY SEKURITAS,
2026-09-03,2026-09-04,BEEF,"ESTIKA TATA TIARA Tbk, PT",DIMAS WIBOWO,L,INDONESIA,682320042,683727542,1407500,0.21,8.40,8.42,0.02,up,SQ PT BCA SEKURITAS,
2026-09-03,2026-09-04,BSML,"BINTANG SAMUDERA MANDIRI LINES Tbk, PT",PT GOLDFIVE INVESTMENT CAPITAL,L,INDONESIA,675665065,677426065,1761000,0.26,36.52,36.61,0.09,up,CP PT KB VALBURY SEKURITAS,
2026-09-03,2026-09-04,BSML,"BINTANG SAMUDERA MANDIRI LINES Tbk, PT","SANCA GRIYA MODALINDO, PT",L,INDONESIA,0,97619000,97619000,,0.00,5.28,5.28,in,CP PT KB VALBURY SEKURITAS,
2026-09-03,2026-09-04,CBRE,"CAKRA BUANA RESOURCES ENERGI Tbk, PT",ANDRY HAKIM,L,INDONESIA,252761323,0,-252761323,-100.00,5.57,0.00,-5.57,out,XL PT. STOCKBIT SEKURITAS DIGITAL | LG PT. TRIMEGAH SEKURITAS INDONESIA TBK,
2026-09-03,2026-09-04,COIN,"INDOKRIPTO KOIN SEMESTA Tbk, PT","BAHANA NUSANTARA INDOJAYA, PT",L,INDONESIA,2891754000,2889304000,-2450000,-0.08,19.66,19.65,-0.01,down,KI PT CIPTADANA SEKURITAS ASIA,
2026-09-03,2026-09-04,DEWI,"DEWI SHRI FARMINDO Tbk, PT",FERRY SAPUTRA,L,INDONESIA,104592900,101592900,-3000000,-2.87,5.23,5.08,-0.15,down,BR PT TRUST SEKURITAS,
2026-09-03,2026-09-04,DEWI,"DEWI SHRI FARMINDO Tbk, PT",SUJITO NGATIMAN,L,INDONESIA,163815600,150665600,-13150000,-8.03,8.19,7.53,-0.66,down,XA PT NH KORINDO SEKURITAS INDONESIA,
2026-09-03,2026-09-04,EDGE,"INDOINTERNET Tbk, PT",DIGITAL EDGE (HONG KONG) LIMITED,A,HONG KONG,1201087700,1201448300,360600,0.03,59.45,59.47,0.02,up,PD PT INDO PREMIER SEKURITAS,
2026-09-03,2026-09-04,EMAS,"MERDEKA GOLD RESOURCES Tbk, PT",MERDEKA COPPER GOLD TBK PT,L,INDONESIA,9549697365,9550297365,600000,0.01,64.83,64.83,0.00,up,PD PT INDO PREMIER SEKURITAS,
2026-09-03,2026-09-04,ENRG,"ENERGI MEGA PERSADA Tbk, PT",CGS INTERNATIONAL SEKURITAS INDONESIA,L,INDONESIA,2000188769,2000150269,-38500,-0.00,7.53,7.53,0.00,down,YU PT CGS International Sekuritas Indonesia,
2026-09-03,2026-09-04,ENRG,"ENERGI MEGA PERSADA Tbk, PT",PT MAYBANK SEKURITAS INDONESIA - REGISTRAR,L,INDONESIA,2256141200,2255898200,-243000,-0.01,8.49,8.49,0.00,down,ZP PT MAYBANK SEKURITAS INDONESIA,
2026-09-03,2026-09-04,EPAC,"MEGALESTARI EPACK SENTOSARAYA Tbk, PT",PT TRIPLE BERKAH BERSAMA,L,INDONESIA,0,1283071100,1283071100,,0.00,38.84,38.84,in,YJ PT LOTUS ANDALAN SEKURITAS | BR PT TRUST SEKURITAS,TRIPLE BERSAMA BERKAH
2026-09-03,2026-09-04,EPAC,"MEGALESTARI EPACK SENTOSARAYA Tbk, PT",PT TRIPLE BERSAMA BERKAH,L,INDONESIA,1283071100,0,-1283071100,-100.00,38.84,0.00,-38.84,out,YJ PT LOTUS ANDALAN SEKURITAS | BR PT TRUST SEKURITAS,TRIPLE BERKAH BERSAMA
2026-09-03,2026-09-04,FILM,"MD ENTERTAINMENT Tbk, PT",MORGAN STANLEY AND CO INTERNATIONAL PLC,A,UNITED KINGDOM,1145621702,1145413202,-208500,-0.02,10.52,10.52,0.00,down,PT Bank HSBC Indonesia,
2026-09-03,2026-09-04,FILM,"MD ENTERTAINMENT Tbk, PT",PT SAMUEL SEKURITAS INDONESIA,L,INDONESIA,911169800,1049325300,138155500,15.16,8.37,9.64,1.27,up,"IF SAMUEL SEKURITAS INDONESIA, PT",
2026-09-03,2026-09-04,FUJI,"FUJI FINANCE INDONESIA Tbk, PT",PT CHARNIC CAPITAL TBK,L,INDONESIA,104945100,105045100,100000,0.10,8.07,8.08,0.01,up,PD PT INDO PREMIER SEKURITAS,
2026-09-03,2026-09-04,FUJI,"FUJI FINANCE INDONESIA Tbk, PT",GIDEON SURYATIKA,L,INDONESIA,67676500,67686500,10000,0.01,5.21,5.21,0.00,up,DR PT RHB SEKURITAS INDONESIA,
2026-09-03,2026-09-04,FUJI,"FUJI FINANCE INDONESIA Tbk, PT",JEFRI NEDI,L,INDONESIA,113105600,111195200,-1910400,-1.69,8.70,8.55,-0.15,down,CP PT KB VALBURY SEKURITAS,
2026-09-03,2026-09-04,GOTO,"GOTO GOJEK TOKOPEDIA Tbk, PT",MORGAN STANLEY AND CO INTERNATIONAL PLC,A,UNITED KINGDOM,0,66415043074,66415043074,,0.00,5.58,5.58,in,PT Bank HSBC Indonesia,
2026-09-03,2026-09-04,GPRA,"PERDANA GAPURAPRIMA Tbk, PT","ABADIMUKTI GUNALESTARI, PT",L,INDONESIA,1956447920,1956496520,48600,0.00,45.75,45.75,0.00,up,ZP PT MAYBANK SEKURITAS INDONESIA | XA PT NH KORINDO SEKURITAS INDONESIA,
2026-09-03,2026-09-04,GPRA,"PERDANA GAPURAPRIMA Tbk, PT",ADITYA ANTONIUS,L,INDONESIA,272273800,272271000,-2800,-0.00,6.37,6.37,0.00,down,"OD BRI DANAREKSA SEKURITAS, PT",
2026-09-03,2026-09-04,HALO,"HALONI JANE Tbk, PT",HANSEN JAP,L,INDONESIA,4929088000,4929088000,0,0.00,81.09,81.09,0.00,shuffle,YP PT MIRAE ASSET SEKURITAS INDONESIA | TP PT OCBC SEKURITAS INDONESIA,
2026-09-03,2026-09-04,HATM,"HABCO TRANS MARITIMA Tbk, PT",PT MULTI SARANA NASIONAL,L,INDONESIA,1745409861,2385409861,640000000,36.67,20.11,25.59,5.48,up,BQ PT KOREA INVESTMENT AND SEKURITAS INDONESIA,
2026-09-03,2026-09-04,HYGN,"ECOCARE INDO PASIFIK Tbk, PT",PERSHING LLC MAIN CUSTODY ACCOUNT,A,UNITED STATES,175789300,176690100,900800,0.51,6.96,7.00,0.04,up,"CITIBANK, N. A",
2026-09-03,2026-09-04,IPOL,"INDOPOLY SWAKARSA INDUSTRY Tbk, PT",PT. HOKI INVESTASI SEJATI,L,INDONESIA,333074200,333455600,381400,0.11,5.17,5.18,0.01,up,AF PT HARITA KENCANA SEKURITAS,
2026-09-03,2026-09-04,JECX,"NITRASANATA DHARMA Tbk, PT",SARANA MEDITAMA METROPOLITAN TBK PT,L,INDONESIA,1045854800,1049997400,4142600,0.40,32.15,32.28,0.13,up,LG PT. TRIMEGAH SEKURITAS INDONESIA TBK,
2026-09-03,2026-09-04,KBAG,"KARYA BERSAMA ANUGERAH Tbk, PT",SALIM LIM,L,INDONESIA,737585200,737685200,100000,0.01,10.32,10.32,0.00,up,"NI BNI SEKURITAS, PT",
2026-09-03,2026-09-04,LPLI,"STAR PACIFIC Tbk, PT",HX TRADING LIMITED,A,"VIRGIN ISLANDS, BRITISH",207389167,207369867,-19300,-0.01,17.72,17.72,0.00,down,IU PT INDO CAPITAL SEKURITAS,
2026-09-03,2026-09-04,MAXI,"MAXINDO KARYA ANUGERAH Tbk, PT",PT KARYA NUSA PERDANA,L,INDONESIA,1654785700,1499785700,-155000000,-9.37,17.22,15.61,-1.61,down,FZ PT WATERFRONT SEKURITAS INDONESIA,
2026-09-03,2026-09-04,MDIY,"DAYA INTIGUNA YASA Tbk, PT",MDIH (SINGAPORE) PTE. LTD.,A,SINGAPORE,8961018600,8961118600,100000,0.00,35.57,35.57,0.00,up,BUT. STANDARD CHARTERED BANK,
2026-09-03,2026-09-04,MDIY,"DAYA INTIGUNA YASA Tbk, PT",TAN YU WEI,A,MALAYSIA,1434039800,1434098500,58700,0.00,5.69,5.69,0.00,up,BUT. STANDARD CHARTERED BANK,
2026-09-03,2026-09-04,MEJA,"HARTA DJAYA KARYA Tbk, PT",PT TRIPLE BERKAH BERSAMA,L,INDONESIA,0,1025319283,1025319283,,0.00,39.31,39.31,in,"CP PT KB VALBURY SEKURITAS | LS PT RELIANCE SEKURITAS INDONESIA, TBK | BR PT TRUST SEKURITAS",TRIPLE BERSAMA BERKAH
2026-09-03,2026-09-04,MEJA,"HARTA DJAYA KARYA Tbk, PT",PT TRIPLE BERSAMA BERKAH,L,INDONESIA,1025319283,0,-1025319283,-100.00,39.31,0.00,-39.31,out,"CP PT KB VALBURY SEKURITAS | LS PT RELIANCE SEKURITAS INDONESIA, TBK | BR PT TRUST SEKURITAS",TRIPLE BERKAH BERSAMA
2026-09-03,2026-09-04,MMIX,"MULTI MEDIKA INTERNASIONAL Tbk, PT",PT MULTI INTI USAHA,L,INDONESIA,2787362200,2770959000,-16403200,-0.59,58.06,57.72,-0.34,down,XA PT NH KORINDO SEKURITAS INDONESIA | YB PT Yakin Bertumbuh Sekuritas | LG PT. TRIMEGAH SEKURITAS INDONESIA TBK,
2026-09-03,2026-09-04,NICK,"CHARNIC CAPITAL Tbk, PT",PT. OKANSA INDONESIA,L,INDONESIA,113235000,113135000,-100000,-0.09,17.39,17.37,-0.02,down,PD PT INDO PREMIER SEKURITAS,
2026-09-03,2026-09-04,NSSS,"NUSANTARA SAWIT SEJAHTERA Tbk, PT",PT NUSANTARA MAKMUR LESTARI,L,INDONESIA,2252398300,2251752500,-645800,-0.03,9.46,9.46,0.00,down,"GR PANIN SEKURITAS Tbk, PT",
2026-09-03,2026-09-04,NSSS,"NUSANTARA SAWIT SEJAHTERA Tbk, PT",PARADISO RESOURCES LTD,A,"VIRGIN ISLANDS, BRITISH",1846375312,1426871212,-419504100,-22.72,7.76,5.99,-1.77,down,"IF SAMUEL SEKURITAS INDONESIA, PT",
2026-09-03,2026-09-04,NSSS,"NUSANTARA SAWIT SEJAHTERA Tbk, PT",PT SAMUEL SEKURITAS INDONESIA,L,INDONESIA,5917373100,6334373200,417000100,7.05,24.86,26.61,1.75,up,"IF SAMUEL SEKURITAS INDONESIA, PT",
2026-09-03,2026-09-04,OBMD,"OBM DRILCHEM Tbk, PT",HENDRA,L,INDONESIA,75575300,0,-75575300,-100.00,9.38,0.00,-9.38,out,LG PT. TRIMEGAH SEKURITAS INDONESIA TBK,
2026-09-03,2026-09-04,OBMD,"OBM DRILCHEM Tbk, PT",PT. SURYAPRANA NUTRISINDO,L,INDONESIA,0,65868900,65868900,,0.00,8.17,8.17,in,LG PT. TRIMEGAH SEKURITAS INDONESIA TBK,
2026-09-03,2026-09-04,PRDA,"PRODIA WIDYAHUSADA Tbk, PT",PT PRODIA WIDYAHUSADA TBK,L,INDONESIA,51599700,51768300,168600,0.33,5.50,5.52,0.02,up,PT BANK DBS INDONESIA,
2026-09-03,2026-09-04,RGAS,"KIAN SANTANG MULIATAMA Tbk, PT","KIAN MEGAH INVESTAMA, PT",L,INDONESIA,73214100,0,-73214100,-100.00,5.02,0.00,-5.02,out,KI PT CIPTADANA SEKURITAS ASIA,
2026-09-03,2026-09-04,SMMA,"SINAR MAS MULTIARTHA Tbk, PT",SINAR MAS CAKRAWALA,L,INDONESIA,3177734356,3178400000,665644,0.02,49.90,49.91,0.01,up,"DH SINARMAS SEKURITAS, PT",
2026-09-03,2026-09-04,SQMI,"WILTON MAKMUR INDONESIA Tbk, PT",CGS INTERNATIONAL SECURITIES SINGAPORE PTE LTD,A,SINGAPORE,3209028529,3042028529,-167000000,-5.20,20.65,19.58,-1.07,down,YU PT CGS International Sekuritas Indonesia,
2026-09-03,2026-09-04,SRTG,"SARATOGA INVESTAMA SEDAYA Tbk, PT",EDWIN SOERYADJAYA,L,INDONESIA,4867505690,4868345690,840000,0.02,35.88,35.89,0.01,up,XL PT. STOCKBIT SEKURITAS DIGITAL,
2026-09-03,2026-09-04,SURI,"MAJA AGUNG LATEXINDO Tbk, PT",HANSEN JAP,L,INDONESIA,5459214500,5461866800,2652300,0.05,86.18,86.23,0.05,up,YP PT MIRAE ASSET SEKURITAS INDONESIA,
2026-09-03,2026-09-04,TAMA,"LANCARTAMA SEJATI Tbk, PT",VERAH WAHYUDI S. WONG,L,INDONESIA,112122900,112629600,506700,0.45,9.34,9.39,0.05,up,"AO ERDIKHA ELIT, PT",
2026-09-03,2026-09-04,TAPG,"TRIPUTRA AGRO PERSADA Tbk, PT",PT TRIPUTRA INVESTINDO ARYA,L,INDONESIA,4785958455,4771279355,-14679100,-0.31,24.11,24.03,-0.08,down,DX PT BAHANA SEKURITAS,
2026-09-03,2026-09-04,TRST,"TRIAS SENTOSA Tbk, PT","PRIMA POLYCON INDAH, PT.",L,INDONESIA,163745060,163785060,40000,0.02,5.83,5.83,0.00,up,AZ PT SUCOR SEKURITAS,
2026-09-03,2026-09-04,TSPC,"TEMPO SCAN PACIFIC Tbk, PT",PT. BOGAMULIA NAGADI,L,INDONESIA,4107129218,4107193518,64300,0.00,91.07,91.07,0.00,up,TP PT OCBC SEKURITAS INDONESIA,
2026-09-03,2026-09-04,UNTR,"UNITED TRACTORS Tbk, PT",PT UNITED TRACTORS TBK,L,INDONESIA,286469500,287950300,1480800,0.52,7.68,7.72,0.04,up,"BANK RAKYAT INDONESIA (PERSERO), PT",
2026-09-03,2026-09-04,UVCR,"TRIMEGAH KARYA PRATAMA Tbk, PT",DENNY TRICAHYA KUSUMA,L,INDONESIA,137726727,137476327,-250400,-0.18,6.89,6.87,-0.02,down,XL PT. STOCKBIT SEKURITAS DIGITAL,
2026-09-03,2026-09-04,VICI,"VICTORIA CARE INDONESIA Tbk, PT",PT SUKSES SEJATI SEJAHTERA,L,INDONESIA,4021380000,4021380000,0,0.00,59.95,59.95,0.00,shuffle,"NI BNI SEKURITAS, PT | YJ PT LOTUS ANDALAN SEKURITAS",
2026-09-03,2026-09-04,YULE,"YULIE SEKURITAS INDONESIA Tbk, PT",Sabrina Evelyn Elian,L,INDONESIA,91252416,92011616,759200,0.83,5.11,5.15,0.04,up,RB PT INA SEKURITAS INDONESIA,
2026-09-04,2026-09-07,ABDA,"ASURANSI BINA DANA ARTA Tbk, PT",OONA INDONESIA PTE LTD,A,SINGAPORE,538611304,538613804,2500,0.00,86.76,86.76,0.00,up,"CC MANDIRI SEKURITAS, PT",
2026-09-04,2026-09-07,ABMM,ABM INVESTAMA Tbk. PT,DRS LO KHENG HONG,L,INDONESIA,155994100,156004100,10000,0.01,5.67,5.67,0.00,up,"DH SINARMAS SEKURITAS, PT",
2026-09-04,2026-09-07,ADMF,"ADIRA DINAMIKA MULTI FINANCE Tbk, PT",MUFG Bank Ltd,A,JAPAN,233469959,233456859,-13100,-0.01,18.89,18.89,0.00,down,"BANK DANAMON INDONESIA Tbk, PT",
2026-09-04,2026-09-07,ARNA,"ARWANA CITRAMULIA Tbk, PT","PT ARWANA CITRAMULIA, Tbk",L,INDONESIA,378243200,378343200,100000,0.03,5.15,5.15,0.00,up,DR PT RHB SEKURITAS INDONESIA,
2026-09-04,2026-09-07,BALI,"BALI TOWERINDO SENTRA Tbk, PT",PT KHARISMA CIPTA TOWERINDO,L,INDONESIA,2348950000,2353850000,4900000,0.21,59.70,59.82,0.12,up,"DH SINARMAS SEKURITAS, PT",
2026-09-04,2026-09-07,BAPA,"BEKASI ASRI PEMULA Tbk, PT",BELVIN TANNADI,L,INDONESIA,66871400,0,-66871400,-100.00,10.10,0.00,-10.10,out,BQ PT KOREA INVESTMENT AND SEKURITAS INDONESIA | YP PT MIRAE ASSET SEKURITAS INDONESIA | XA PT NH KORINDO SEKURITAS INDONESIA | XL PT. STOCKBIT SEKURITAS DIGITAL,
2026-09-04,2026-09-07,BDKR,"BERDIKARI PONDASI PERKASA Tbk, PT","HARUNA BINOSWARA JAYA, PT",L,INDONESIA,286054800,285703600,-351200,-0.12,6.05,6.05,0.00,down,CP PT KB VALBURY SEKURITAS,
2026-09-04,2026-09-07,BEEF,"ESTIKA TATA TIARA Tbk, PT",DIMAS WIBOWO,L,INDONESIA,683727542,686773542,3046000,0.45,8.42,8.46,0.04,up,SQ PT BCA SEKURITAS,
2026-09-04,2026-09-07,BSML,"BINTANG SAMUDERA MANDIRI LINES Tbk, PT",ANDRIANSYAH PRAYITNO,L,INDONESIA,240751300,239901300,-850000,-0.35,13.01,12.97,-0.04,down,XA PT NH KORINDO SEKURITAS INDONESIA,
2026-09-04,2026-09-07,BSML,"BINTANG SAMUDERA MANDIRI LINES Tbk, PT",PT GOLDFIVE INVESTMENT CAPITAL,L,INDONESIA,677426065,673526065,-3900000,-0.58,36.61,36.40,-0.21,down,FS PT YUANTA SEKURITAS INDONESIA,
2026-09-04,2026-09-07,CBMF,"CAHAYA BINTANG MEDAN Tbk, PT","RICHIWA SAKTI INDONESIA, PT",L,INDONESIA,1270000000,0,-1270000000,-100.00,67.73,0.00,-67.73,out,CP PT KB VALBURY SEKURITAS,
2026-09-04,2026-09-07,CBMF,"CAHAYA BINTANG MEDAN Tbk, PT","SINAR MAKMUR REZEKI, PT",L,INDONESIA,155000000,0,-155000000,-100.00,8.27,0.00,-8.27,out,CP PT KB VALBURY SEKURITAS,
2026-09-04,2026-09-07,COIN,"INDOKRIPTO KOIN SEMESTA Tbk, PT","BAHANA NUSANTARA INDOJAYA, PT",L,INDONESIA,2889304000,2887654000,-1650000,-0.06,19.65,19.64,-0.01,down,KI PT CIPTADANA SEKURITAS ASIA,
2026-09-04,2026-09-07,DCII,"DCI INDONESIA Tbk, PT",ANTHONI SALIM,L,INDONESIA,265033461,265033461,0,0.00,11.12,11.12,0.00,shuffle,"BANK CENTRAL ASIA Tbk, PT | OK NET SEKURITAS, PT",
2026-09-04,2026-09-07,DEWI,"DEWI SHRI FARMINDO Tbk, PT",SUJITO NGATIMAN,L,INDONESIA,150665600,161165600,10500000,6.97,7.53,8.06,0.53,up,XA PT NH KORINDO SEKURITAS INDONESIA,
2026-09-04,2026-09-07,FILM,"MD ENTERTAINMENT Tbk, PT",MORGAN STANLEY AND CO INTERNATIONAL PLC,A,UNITED KINGDOM,1145413202,1145134302,-278900,-0.02,10.52,10.52,0.00,down,PT Bank HSBC Indonesia,
2026-09-04,2026-09-07,FOLK,"MULTI GARAM UTAMA Tbk, PT",DJONI,L,INDONESIA,210233800,0,-210233800,-100.00,5.14,0.00,-5.14,out,"CC MANDIRI SEKURITAS, PT",
2026-09-04,2026-09-07,FUJI,"FUJI FINANCE INDONESIA Tbk, PT",GIDEON SURYATIKA,L,INDONESIA,67686500,67689000,2500,0.00,5.21,5.21,0.00,up,DR PT RHB SEKURITAS INDONESIA,
2026-09-04,2026-09-07,FUJI,"FUJI FINANCE INDONESIA Tbk, PT",JEFRI NEDI,L,INDONESIA,111195200,110604400,-590800,-0.53,8.55,8.51,-0.04,down,CP PT KB VALBURY SEKURITAS,
2026-09-04,2026-09-07,GPRA,"PERDANA GAPURAPRIMA Tbk, PT","ABADIMUKTI GUNALESTARI, PT",L,INDONESIA,1956496520,1957655320,1158800,0.06,45.75,45.78,0.03,up,XA PT NH KORINDO SEKURITAS INDONESIA,
2026-09-04,2026-09-07,GPRA,"PERDANA GAPURAPRIMA Tbk, PT",ADITYA ANTONIUS,L,INDONESIA,272271000,272628900,357900,0.13,6.37,6.37,0.00,up,"OD BRI DANAREKSA SEKURITAS, PT",
2026-09-04,2026-09-07,GULA,"AMAN AGRINDO Tbk, PT","AMAN RESOURCES INDONESIA, PT",L,INDONESIA,590579000,467558620,-123020380,-20.83,55.18,43.68,-11.50,down,KI PT CIPTADANA SEKURITAS ASIA,CIPTADANA SEKURITAS ASIA
2026-09-04,2026-09-07,GULA,"AMAN AGRINDO Tbk, PT",PT. CIPTADANA SEKURITAS ASIA,L,INDONESIA,0,123020380,123020380,,0.00,11.49,11.49,in,KI PT CIPTADANA SEKURITAS ASIA,AMAN RESOURCES INDONESIA
2026-09-04,2026-09-07,HYGN,"ECOCARE INDO PASIFIK Tbk, PT",PERSHING LLC MAIN CUSTODY ACCOUNT,A,UNITED STATES,176690100,177264900,574800,0.33,7.00,7.02,0.02,up,"CITIBANK, N. A",
2026-09-04,2026-09-07,INPS,"INDAH PRAKASA SENTOSA Tbk, PT",PT GRAHA INTI GUNA PERSADA,L,INDONESIA,512983000,502858000,-10125000,-1.97,78.92,77.36,-1.56,down,IC PT INTEGRITY CAPITAL SEKURITAS,
2026-09-04,2026-09-07,JECX,"NITRASANATA DHARMA Tbk, PT",SARANA MEDITAMA METROPOLITAN TBK PT,L,INDONESIA,1049997400,1056010900,6013500,0.57,32.28,32.46,0.18,up,LG PT. TRIMEGAH SEKURITAS INDONESIA TBK,
2026-09-04,2026-09-07,KBAG,"KARYA BERSAMA ANUGERAH Tbk, PT",SALIM LIM,L,INDONESIA,737685200,737985200,300000,0.04,10.32,10.32,0.00,up,"NI BNI SEKURITAS, PT",
2026-09-04,2026-09-07,KPIG,"MNC TOURISM INDONESIA Tbk, PT",PT MNC ASIA HOLDING TBK,L,INDONESIA,18258747180,18258747180,0,0.00,17.01,17.01,0.00,shuffle,AG PT KIWOOM SEKURITAS INDONESIA | EP PT MNC SEKURITAS,
2026-09-04,2026-09-07,LOPI,"LOGISTICSPLUS INTERNATIONAL Tbk, PT",PT SENTRA AMANAH VENTURA,L,INDONESIA,738449600,723079600,-15370000,-2.08,67.13,65.73,-1.40,down,AD PT SUKADANA PRIMA SEKURITAS,
2026-09-04,2026-09-07,LPLI,"STAR PACIFIC Tbk, PT",HX TRADING LIMITED,A,"VIRGIN ISLANDS, BRITISH",207369867,207347567,-22300,-0.01,17.72,17.72,0.00,down,IU PT INDO CAPITAL SEKURITAS,
2026-09-04,2026-09-07,MDIY,"DAYA INTIGUNA YASA Tbk, PT",MDIH (SINGAPORE) PTE. LTD.,A,SINGAPORE,8961118600,8961318600,200000,0.00,35.57,35.57,0.00,up,BUT. STANDARD CHARTERED BANK,
2026-09-04,2026-09-07,MDIY,"DAYA INTIGUNA YASA Tbk, PT",TAN YU WEI,A,MALAYSIA,1434098500,1434158500,60000,0.00,5.69,5.69,0.00,up,BUT. STANDARD CHARTERED BANK,
2026-09-04,2026-09-07,MMIX,"MULTI MEDIKA INTERNASIONAL Tbk, PT",PT MULTI INTI USAHA,L,INDONESIA,2770959000,2770788800,-170200,-0.01,57.72,57.72,0.00,down,AG PT KIWOOM SEKURITAS INDONESIA | XA PT NH KORINDO SEKURITAS INDONESIA | YB PT Yakin Bertumbuh Sekuritas | LG PT. TRIMEGAH SEKURITAS INDONESIA TBK,
2026-09-04,2026-09-07,MUTU,"MUTUAGUNG LESTARI Tbk, PT",PT SENTRA MUTU HANDAL,L,INDONESIA,0,990000000,990000000,,0.00,28.68,28.68,in,AR PT Binaartha Sekuritas,
2026-09-04,2026-09-07,NSSS,"NUSANTARA SAWIT SEJAHTERA Tbk, PT",PT NUSANTARA MAKMUR LESTARI,L,INDONESIA,2251752500,2251692500,-60000,-0.00,9.46,9.46,0.00,down,"GR PANIN SEKURITAS Tbk, PT",
2026-09-04,2026-09-07,PRDA,"PRODIA WIDYAHUSADA Tbk, PT",PT PRODIA WIDYAHUSADA TBK,L,INDONESIA,51768300,51964500,196200,0.38,5.52,5.54,0.02,up,PT BANK DBS INDONESIA,
2026-09-04,2026-09-07,RGAS,"KIAN SANTANG MULIATAMA Tbk, PT",TAUFIK DWICAHYONO,L,INDONESIA,0,210937500,210937500,,0.00,14.46,14.46,in,KI PT CIPTADANA SEKURITAS ASIA,
2026-09-04,2026-09-07,SIDO,"INDUSTRI JAMU DAN FARMASI SIDO MUNCUL Tbk, PT",PT HOTEL CANDI BARU,L,INDONESIA,17850000000,17850000000,0,0.00,59.50,59.50,0.00,shuffle,"NI BNI SEKURITAS, PT | CC MANDIRI SEKURITAS, PT",
2026-09-04,2026-09-07,SMMA,"SINAR MAS MULTIARTHA Tbk, PT",SINAR MAS CAKRAWALA,L,INDONESIA,3178400000,3177266367,-1133633,-0.04,49.91,49.90,-0.01,down,"DH SINARMAS SEKURITAS, PT",
2026-09-04,2026-09-07,SRTG,"SARATOGA INVESTAMA SEDAYA Tbk, PT",EDWIN SOERYADJAYA,L,INDONESIA,4868345690,4869755690,1410000,0.03,35.89,35.90,0.01,up,XL PT. STOCKBIT SEKURITAS DIGITAL,
2026-09-04,2026-09-07,STRK,"LOVINA BEACH BREWERY Tbk, PT",PHILLIP SECURITIES PTE LTD,A,SINGAPORE,1702942700,1701942700,-1000000,-0.06,15.88,15.87,-0.01,down,KK PT PHILLIP SEKURITAS INDONESIA,
2026-09-04,2026-09-07,SURI,"MAJA AGUNG LATEXINDO Tbk, PT",HANSEN JAP,L,INDONESIA,5461866800,5461868700,1900,0.00,86.23,86.23,0.00,up,YP PT MIRAE ASSET SEKURITAS INDONESIA,
2026-09-04,2026-09-07,TAMA,"LANCARTAMA SEJATI Tbk, PT",VERAH WAHYUDI S. WONG,L,INDONESIA,112629600,118129600,5500000,4.88,9.39,9.84,0.45,up,"AO ERDIKHA ELIT, PT",
2026-09-04,2026-09-07,TRST,"TRIAS SENTOSA Tbk, PT","PRIMA POLYCON INDAH, PT.",L,INDONESIA,163785060,163825060,40000,0.02,5.83,5.83,0.00,up,AZ PT SUCOR SEKURITAS,
2026-09-04,2026-09-07,UNTR,"UNITED TRACTORS Tbk, PT",PT UNITED TRACTORS TBK,L,INDONESIA,287950300,288680900,730600,0.25,7.72,7.74,0.02,up,"BANK RAKYAT INDONESIA (PERSERO), PT",
2026-09-04,2026-09-07,VICI,"VICTORIA CARE INDONESIA Tbk, PT",PT SUKSES SEJATI SEJAHTERA,L,INDONESIA,4021380000,4021380000,0,0.00,59.95,59.95,0.00,shuffle,"NI BNI SEKURITAS, PT | BUT. STANDARD CHARTERED BANK",
2026-09-04,2026-09-07,WIDI,"WIDIANT JAYA KRENINDO Tbk, PT",BERNARD WIDIANTO,L,INDONESIA,124400000,124400000,0,0.00,7.77,7.77,0.00,shuffle,"CC MANDIRI SEKURITAS, PT | AZ PT SUCOR SEKURITAS",
2026-09-04,2026-09-07,YULE,"YULIE SEKURITAS INDONESIA Tbk, PT",Sabrina Evelyn Elian,L,INDONESIA,92011616,92002416,-9200,-0.01,5.15,5.15,0.00,down,RB PT INA SEKURITAS INDONESIA,
2026-09-07,2026-09-08,ABDA,"ASURANSI BINA DANA ARTA Tbk, PT",OONA INDONESIA PTE LTD,A,SINGAPORE,538613804,538607204,-6600,-0.00,86.76,86.76,0.00,down,"CC MANDIRI SEKURITAS, PT",
2026-09-07,2026-09-08,ADMF,"ADIRA DINAMIKA MULTI FINANCE Tbk, PT",MUFG Bank Ltd,A,JAPAN,233456859,233451159,-5700,-0.00,18.89,18.89,0.00,down,"BANK DANAMON INDONESIA Tbk, PT",
2026-09-07,2026-09-08,ARNA,"ARWANA CITRAMULIA Tbk, PT","PT ARWANA CITRAMULIA, Tbk",L,INDONESIA,378343200,378543200,200000,0.05,5.15,5.16,0.01,up,DR PT RHB SEKURITAS INDONESIA,
2026-09-07,2026-09-08,BDKR,"BERDIKARI PONDASI PERKASA Tbk, PT","HARUNA BINOSWARA JAYA, PT",L,INDONESIA,285703600,285650800,-52800,-0.02,6.05,6.05,0.00,down,CP PT KB VALBURY SEKURITAS,
2026-09-07,2026-09-08,BEEF,"ESTIKA TATA TIARA Tbk, PT",DIMAS WIBOWO,L,INDONESIA,686773542,687508642,735100,0.11,8.46,8.47,0.01,up,SQ PT BCA SEKURITAS,
2026-09-07,2026-09-08,BSML,"BINTANG SAMUDERA MANDIRI LINES Tbk, PT",ANDRIANSYAH PRAYITNO,L,INDONESIA,239901300,239819700,-81600,-0.03,12.97,12.96,-0.01,down,"OD BRI DANAREKSA SEKURITAS, PT",
2026-09-07,2026-09-08,BSML,"BINTANG SAMUDERA MANDIRI LINES Tbk, PT",PT GOLDFIVE INVESTMENT CAPITAL,L,INDONESIA,673526065,677226065,3700000,0.55,36.40,36.60,0.20,up,FS PT YUANTA SEKURITAS INDONESIA,
2026-09-07,2026-09-08,BSML,"BINTANG SAMUDERA MANDIRI LINES Tbk, PT","SANCA GRIYA MODALINDO, PT",L,INDONESIA,97619000,0,-97619000,-100.00,5.28,0.00,-5.28,out,CP PT KB VALBURY SEKURITAS,
2026-09-07,2026-09-08,BUKA,"BUKALAPAK.COM Tbk, PT",KREATIF MEDIA KARYA PT,L,INDONESIA,46321746385,47125034185,803287800,1.73,44.90,45.68,0.78,up,KZ PT CLSA Sekuritas Indonesia,
2026-09-07,2026-09-08,COIN,"INDOKRIPTO KOIN SEMESTA Tbk, PT","BAHANA NUSANTARA INDOJAYA, PT",L,INDONESIA,2887654000,2885104000,-2550000,-0.09,19.64,19.62,-0.02,down,KI PT CIPTADANA SEKURITAS ASIA,
2026-09-07,2026-09-08,DEFI,"DANASUPRA ERAPACIFIC Tbk, PT",TATANG TARYANA,L,INDONESIA,35291700,36114500,822800,2.33,5.14,5.25,0.11,up,"CC MANDIRI SEKURITAS, PT | XL PT. STOCKBIT SEKURITAS DIGITAL",
2026-09-07,2026-09-08,DEWI,"DEWI SHRI FARMINDO Tbk, PT",SUJITO NGATIMAN,L,INDONESIA,161165600,161965600,800000,0.50,8.06,8.10,0.04,up,XA PT NH KORINDO SEKURITAS INDONESIA,
2026-09-07,2026-09-08,DILD,"INTILAND DEVELOPMENT Tbk, PT",DRS LO KHENG HONG,L,INDONESIA,777135700,778135700,1000000,0.13,7.50,7.51,0.01,up,"GR PANIN SEKURITAS Tbk, PT",
2026-09-07,2026-09-08,FILM,"MD ENTERTAINMENT Tbk, PT",MORGAN STANLEY AND CO INTERNATIONAL PLC,A,UNITED KINGDOM,1145134302,1145252902,118600,0.01,10.52,10.52,0.00,up,PT Bank HSBC Indonesia,
2026-09-07,2026-09-08,FORE,"FORE KOPI INDONESIA Tbk, PT",FERRY SUDJONO,L,INDONESIA,528834900,530529100,1694200,0.32,5.93,5.95,0.02,up,YU PT CGS International Sekuritas Indonesia | KI PT CIPTADANA SEKURITAS ASIA,
2026-09-07,2026-09-08,GPRA,"PERDANA GAPURAPRIMA Tbk, PT","ABADIMUKTI GUNALESTARI, PT",L,INDONESIA,1957655320,1959115320,1460000,0.07,45.78,45.81,0.03,up,XA PT NH KORINDO SEKURITAS INDONESIA,
2026-09-07,2026-09-08,GPRA,"PERDANA GAPURAPRIMA Tbk, PT",ADITYA ANTONIUS,L,INDONESIA,272628900,257627600,-15001300,-5.50,6.37,6.02,-0.35,down,"OD BRI DANAREKSA SEKURITAS, PT | MG PT SEMESTA INDOVEST SEKURITAS",
2026-09-07,2026-09-08,HEAL,"MEDIKALOKA HERMINA Tbk, PT",DR HASMORO,L,INDONESIA,775441989,776984189,1542200,0.20,5.05,5.06,0.01,up,"NI BNI SEKURITAS, PT | CC MANDIRI SEKURITAS, PT",
2026-09-07,2026-09-08,HYGN,"ECOCARE INDO PASIFIK Tbk, PT",PERSHING LLC MAIN CUSTODY ACCOUNT,A,UNITED STATES,177264900,177941100,676200,0.38,7.02,7.05,0.03,up,"CITIBANK, N. A",
2026-09-07,2026-09-08,IMPC,"IMPACK PRATAMA INDUSTRI Tbk, PT",TUNGGAL JAYA INVESTAMA PT,L,INDONESIA,5166653394,5171229394,4576000,0.09,9.41,9.42,0.01,up,SQ PT BCA SEKURITAS,
2026-09-07,2026-09-08,KBAG,"KARYA BERSAMA ANUGERAH Tbk, PT",SALIM LIM,L,INDONESIA,737985200,738085200,100000,0.01,10.32,10.32,0.00,up,"NI BNI SEKURITAS, PT",
2026-09-07,2026-09-08,LMAX,"LUPROMAX PELUMAS INDONESIA Tbk, PT",AGUS SANUSI,L,INDONESIA,35478700,35259700,-219000,-0.62,5.46,5.42,-0.04,down,XL PT. STOCKBIT SEKURITAS DIGITAL,
2026-09-07,2026-09-08,LOPI,"LOGISTICSPLUS INTERNATIONAL Tbk, PT",PT SENTRA AMANAH VENTURA,L,INDONESIA,723079600,663200900,-59878700,-8.28,65.73,60.29,-5.44,down,AD PT SUKADANA PRIMA SEKURITAS,
2026-09-07,2026-09-08,LOPI,"LOGISTICSPLUS INTERNATIONAL Tbk, PT",TJEUW HERYANTO,L,,0,61590200,61590200,,0.00,5.60,5.60,in,SQ PT BCA SEKURITAS | YJ PT LOTUS ANDALAN SEKURITAS,
2026-09-07,2026-09-08,LPLI,"STAR PACIFIC Tbk, PT",HX TRADING LIMITED,A,"VIRGIN ISLANDS, BRITISH",207347567,207316367,-31200,-0.02,17.72,17.71,-0.01,down,IU PT INDO CAPITAL SEKURITAS,
2026-09-07,2026-09-08,MDIY,"DAYA INTIGUNA YASA Tbk, PT",MDIH (SINGAPORE) PTE. LTD.,A,SINGAPORE,8961318600,8961418600,100000,0.00,35.57,35.57,0.00,up,BUT. STANDARD CHARTERED BANK,
2026-09-07,2026-09-08,MDIY,"DAYA INTIGUNA YASA Tbk, PT",TAN YU WEI,A,MALAYSIA,1434158500,1434218500,60000,0.00,5.69,5.69,0.00,up,BUT. STANDARD CHARTERED BANK,
2026-09-07,2026-09-08,MEDS,"HETZER MEDICAL INDONESIA Tbk, PT",JEMMY KURNIAWAN,L,INDONESIA,835312500,828812500,-6500000,-0.78,53.46,53.04,-0.42,down,MG PT SEMESTA INDOVEST SEKURITAS,
2026-09-07,2026-09-08,MMIX,"MULTI MEDIKA INTERNASIONAL Tbk, PT",PT MULTI INTI USAHA,L,INDONESIA,2770788800,2754728000,-16060800,-0.58,57.72,57.39,-0.33,down,AG PT KIWOOM SEKURITAS INDONESIA | YB PT Yakin Bertumbuh Sekuritas | LG PT. TRIMEGAH SEKURITAS INDONESIA TBK,
2026-09-07,2026-09-08,MPOW,"MEGAPOWER MAKMUR Tbk, PT",LEE SUHARLIE,L,,44036600,0,-44036600,-100.00,5.39,0.00,-5.39,out,BR PT TRUST SEKURITAS,
2026-09-07,2026-09-08,NSSS,"NUSANTARA SAWIT SEJAHTERA Tbk, PT",PT NUSANTARA MAKMUR LESTARI,L,INDONESIA,2251692500,2251487500,-205000,-0.01,9.46,9.46,0.00,down,"GR PANIN SEKURITAS Tbk, PT",
2026-09-07,2026-09-08,NSSS,"NUSANTARA SAWIT SEJAHTERA Tbk, PT",PARADISO RESOURCES LTD,A,"VIRGIN ISLANDS, BRITISH",1426871212,0,-1426871212,-100.00,5.99,0.00,-5.99,out,"IF SAMUEL SEKURITAS INDONESIA, PT",
2026-09-07,2026-09-08,NSSS,"NUSANTARA SAWIT SEJAHTERA Tbk, PT",PT. SAMUEL TUMBUH BERSAMA,L,INDONESIA,0,2107437000,2107437000,,0.00,8.85,8.85,in,"IF SAMUEL SEKURITAS INDONESIA, PT",
2026-09-07,2026-09-08,PPRI,"PAPEROCKS INDONESIA Tbk, PT",IRSYAD HANIF,L,INDONESIA,174806200,169921200,-4885000,-2.79,16.26,15.81,-0.45,down,DR PT RHB SEKURITAS INDONESIA,
2026-09-07,2026-09-08,PRDA,"PRODIA WIDYAHUSADA Tbk, PT",PT PRODIA WIDYAHUSADA TBK,L,INDONESIA,51964500,52746200,781700,1.50,5.54,5.63,0.09,up,PT BANK DBS INDONESIA,
2026-09-07,2026-09-08,SMMA,"SINAR MAS MULTIARTHA Tbk, PT",SINAR MAS CAKRAWALA,L,INDONESIA,3177266367,3179674590,2408223,0.08,49.90,49.93,0.03,up,"DH SINARMAS SEKURITAS, PT",
2026-09-07,2026-09-08,SQMI,"WILTON MAKMUR INDONESIA Tbk, PT",CGS INTERNATIONAL SECURITIES SINGAPORE PTE LTD,A,SINGAPORE,3042028529,2916028529,-126000000,-4.14,19.58,18.77,-0.81,down,YU PT CGS International Sekuritas Indonesia,
2026-09-07,2026-09-08,SRTG,"SARATOGA INVESTAMA SEDAYA Tbk, PT",EDWIN SOERYADJAYA,L,INDONESIA,4869755690,4870355690,600000,0.01,35.90,35.90,0.00,up,XL PT. STOCKBIT SEKURITAS DIGITAL,
2026-09-07,2026-09-08,SURI,"MAJA AGUNG LATEXINDO Tbk, PT",HANSEN JAP,L,INDONESIA,5461868700,5462210400,341700,0.01,86.23,86.23,0.00,up,YP PT MIRAE ASSET SEKURITAS INDONESIA,
2026-09-07,2026-09-08,TAMA,"LANCARTAMA SEJATI Tbk, PT",VERAH WAHYUDI S. WONG,L,INDONESIA,118129600,115011000,-3118600,-2.64,9.84,9.58,-0.26,down,"AO ERDIKHA ELIT, PT",
2026-09-07,2026-09-08,TRST,"TRIAS SENTOSA Tbk, PT","PRIMA POLYCON INDAH, PT.",L,INDONESIA,163825060,163865060,40000,0.02,5.83,5.84,0.01,up,AZ PT SUCOR SEKURITAS,
2026-09-07,2026-09-08,UNTR,"UNITED TRACTORS Tbk, PT",PT UNITED TRACTORS TBK,L,INDONESIA,288680900,289697500,1016600,0.35,7.74,7.77,0.03,up,"BANK RAKYAT INDONESIA (PERSERO), PT",
2026-09-07,2026-09-08,UVCR,"TRIMEGAH KARYA PRATAMA Tbk, PT",DENNY TRICAHYA KUSUMA,L,INDONESIA,137476327,121476327,-16000000,-11.64,6.87,6.07,-0.80,down,CP PT KB VALBURY SEKURITAS,
2026-09-07,2026-09-08,VERN,"VERONA INDAH PICTURES Tbk, PT",ANGELIA PUSPITASARI,L,INDONESIA,244950500,241860200,-3090300,-1.26,5.14,5.08,-0.06,down,AZ PT SUCOR SEKURITAS,
2026-09-08,2026-09-09,ABDA,"ASURANSI BINA DANA ARTA Tbk, PT",OONA INDONESIA PTE LTD,A,SINGAPORE,538607204,538604504,-2700,-0.00,86.76,86.76,0.00,down,"CC MANDIRI SEKURITAS, PT",
2026-09-08,2026-09-09,ADMF,"ADIRA DINAMIKA MULTI FINANCE Tbk, PT",MUFG Bank Ltd,A,JAPAN,233451159,233444159,-7000,-0.00,18.89,18.89,0.00,down,"BANK DANAMON INDONESIA Tbk, PT",
2026-09-08,2026-09-09,ARNA,"ARWANA CITRAMULIA Tbk, PT","PT ARWANA CITRAMULIA, Tbk",L,INDONESIA,378543200,379093200,550000,0.15,5.16,5.16,0.00,up,DR PT RHB SEKURITAS INDONESIA,
2026-09-08,2026-09-09,BDKR,"BERDIKARI PONDASI PERKASA Tbk, PT","HARUNA BINOSWARA JAYA, PT",L,INDONESIA,285650800,286101100,450300,0.16,6.05,6.05,0.00,up,CP PT KB VALBURY SEKURITAS,
2026-09-08,2026-09-09,BEEF,"ESTIKA TATA TIARA Tbk, PT",DIMAS WIBOWO,L,INDONESIA,687508642,688508642,1000000,0.15,8.47,8.48,0.01,up,SQ PT BCA SEKURITAS,
2026-09-08,2026-09-09,BGTG,"BANK GANESHA Tbk, PT","PRIMA TUNAS INVESTAMA, PT.",L,INDONESIA,0,1717400000,1717400000,,0.00,7.16,7.16,in,BS PT EQUITY SEKURITAS INDONESIA,
2026-09-08,2026-09-09,BSML,"BINTANG SAMUDERA MANDIRI LINES Tbk, PT",ANDRIANSYAH PRAYITNO,L,INDONESIA,239819700,239819700,0,0.00,12.96,12.96,0.00,shuffle,"OD BRI DANAREKSA SEKURITAS, PT | XA PT NH KORINDO SEKURITAS INDONESIA",
2026-09-08,2026-09-09,BSML,"BINTANG SAMUDERA MANDIRI LINES Tbk, PT",PT GOLDFIVE INVESTMENT CAPITAL,L,INDONESIA,677226065,673740465,-3485600,-0.51,36.60,36.41,-0.19,down,CP PT KB VALBURY SEKURITAS | ZP PT MAYBANK SEKURITAS INDONESIA,
2026-09-08,2026-09-09,BSML,"BINTANG SAMUDERA MANDIRI LINES Tbk, PT","SANCA GRIYA MODALINDO, PT",L,INDONESIA,0,99219000,99219000,,0.00,5.36,5.36,in,CP PT KB VALBURY SEKURITAS,
2026-09-08,2026-09-09,COIN,"INDOKRIPTO KOIN SEMESTA Tbk, PT","BAHANA NUSANTARA INDOJAYA, PT",L,INDONESIA,2885104000,2882104000,-3000000,-0.10,19.62,19.60,-0.02,down,KI PT CIPTADANA SEKURITAS ASIA,
2026-09-08,2026-09-09,DEWI,"DEWI SHRI FARMINDO Tbk, PT",SUJITO NGATIMAN,L,INDONESIA,161965600,150461800,-11503800,-7.10,8.10,7.52,-0.58,down,XA PT NH KORINDO SEKURITAS INDONESIA,
2026-09-08,2026-09-09,DILD,"INTILAND DEVELOPMENT Tbk, PT",DRS LO KHENG HONG,L,INDONESIA,778135700,779235700,1100000,0.14,7.51,7.52,0.01,up,"GR PANIN SEKURITAS Tbk, PT",
2026-09-08,2026-09-09,EMAS,"MERDEKA GOLD RESOURCES Tbk, PT","JPMORGAN CHASE BANK, NATIONAL ASSOCIATION",A,UNITED KINGDOM,932767000,927767000,-5000000,-0.54,6.33,6.30,-0.03,down,PT Bank HSBC Indonesia,
2026-09-08,2026-09-09,EMMI,"ESA MEDIKA MANDIRI Tbk, PT",PT YULIE SEKURITAS INDONESIA TBK,L,INDONESIA,170732300,172413900,1681600,0.98,9.80,9.89,0.09,up,RS PT YULIE SEKURITAS INDONESIA TBK,
2026-09-08,2026-09-09,EMTK,"ELANG MAHKOTA TEKNOLOGI Tbk, PT",ANTHONI SALIM,L,INDONESIA,5510302220,5510302220,0,0.00,8.97,8.97,0.00,shuffle,"BUT. STANDARD CHARTERED BANK | OK NET SEKURITAS, PT",
2026-09-08,2026-09-09,ENRG,"ENERGI MEGA PERSADA Tbk, PT",PT MAYBANK SEKURITAS INDONESIA - REGISTRAR,L,INDONESIA,2255898200,2255890500,-7700,-0.00,8.49,8.49,0.00,down,ZP PT MAYBANK SEKURITAS INDONESIA,
2026-09-08,2026-09-09,FILM,"MD ENTERTAINMENT Tbk, PT",MORGAN STANLEY AND CO INTERNATIONAL PLC,A,UNITED KINGDOM,1145252902,1144971902,-281000,-0.02,10.52,10.52,0.00,down,PT Bank HSBC Indonesia,
2026-09-08,2026-09-09,FORE,"FORE KOPI INDONESIA Tbk, PT",FERRY SUDJONO,L,INDONESIA,530529100,531217000,687900,0.13,5.95,5.96,0.01,up,YU PT CGS International Sekuritas Indonesia | KI PT CIPTADANA SEKURITAS ASIA,
2026-09-08,2026-09-09,GPRA,"PERDANA GAPURAPRIMA Tbk, PT",ADITYA ANTONIUS,L,INDONESIA,257627600,228410800,-29216800,-11.34,6.02,5.34,-0.68,down,"OD BRI DANAREKSA SEKURITAS, PT | MG PT SEMESTA INDOVEST SEKURITAS",
2026-09-08,2026-09-09,GULA,"AMAN AGRINDO Tbk, PT",DR KISHORE KUMAR,L,INDONESIA,54207500,0,-54207500,-100.00,5.06,0.00,-5.06,out,"AO ERDIKHA ELIT, PT | IF SAMUEL SEKURITAS INDONESIA, PT",
2026-09-08,2026-09-09,GULA,"AMAN AGRINDO Tbk, PT",IRSYAD HANIF,L,INDONESIA,75478400,95478400,20000000,26.50,7.05,8.92,1.87,up,DR PT RHB SEKURITAS INDONESIA,
2026-09-08,2026-09-09,HALO,"HALONI JANE Tbk, PT",HANSEN JAP,L,INDONESIA,4929088000,4929106200,18200,0.00,81.09,81.09,0.00,up,YP PT MIRAE ASSET SEKURITAS INDONESIA,
2026-09-08,2026-09-09,IMPC,"IMPACK PRATAMA INDUSTRI Tbk, PT",TUNGGAL JAYA INVESTAMA PT,L,INDONESIA,5171229394,5173229394,2000000,0.04,9.42,9.42,0.00,up,SQ PT BCA SEKURITAS,
2026-09-08,2026-09-09,JECX,"NITRASANATA DHARMA Tbk, PT",SARANA MEDITAMA METROPOLITAN TBK PT,L,INDONESIA,1056010900,1070100000,14089100,1.33,32.46,32.89,0.43,up,LG PT. TRIMEGAH SEKURITAS INDONESIA TBK,
2026-09-08,2026-09-09,KBAG,"KARYA BERSAMA ANUGERAH Tbk, PT",SALIM LIM,L,INDONESIA,738085200,738385200,300000,0.04,10.32,10.33,0.01,up,"NI BNI SEKURITAS, PT",
2026-09-08,2026-09-09,LMAX,"LUPROMAX PELUMAS INDONESIA Tbk, PT",AGUS SANUSI,L,INDONESIA,35259700,34839100,-420600,-1.19,5.42,5.36,-0.06,down,XL PT. STOCKBIT SEKURITAS DIGITAL,
2026-09-08,2026-09-09,LOPI,"LOGISTICSPLUS INTERNATIONAL Tbk, PT",PT SENTRA AMANAH VENTURA,L,INDONESIA,663200900,616844200,-46356700,-6.99,60.29,56.08,-4.21,down,AD PT SUKADANA PRIMA SEKURITAS,
2026-09-08,2026-09-09,LOPI,"LOGISTICSPLUS INTERNATIONAL Tbk, PT",TJEUW HERYANTO,L,,61590200,64950200,3360000,5.46,5.60,5.90,0.30,up,SQ PT BCA SEKURITAS,
2026-09-08,2026-09-09,LPLI,"STAR PACIFIC Tbk, PT",HX TRADING LIMITED,A,"VIRGIN ISLANDS, BRITISH",207316367,207161667,-154700,-0.07,17.71,17.70,-0.01,down,IU PT INDO CAPITAL SEKURITAS,
2026-09-08,2026-09-09,MAXI,"MAXINDO KARYA ANUGERAH Tbk, PT",PT KARYA NUSA PERDANA,L,INDONESIA,1499785700,1344785700,-155000000,-10.33,15.61,13.99,-1.62,down,FZ PT WATERFRONT SEKURITAS INDONESIA,
2026-09-08,2026-09-09,MAXI,"MAXINDO KARYA ANUGERAH Tbk, PT",TINA IRAWATY,L,INDONESIA,0,497414509,497414509,,0.00,5.18,5.18,in,FZ PT WATERFRONT SEKURITAS INDONESIA,
2026-09-08,2026-09-09,MDIY,"DAYA INTIGUNA YASA Tbk, PT",MDIH (SINGAPORE) PTE. LTD.,A,SINGAPORE,8961418600,8961618600,200000,0.00,35.57,35.58,0.01,up,BUT. STANDARD CHARTERED BANK,
2026-09-08,2026-09-09,MEDS,"HETZER MEDICAL INDONESIA Tbk, PT",JEMMY KURNIAWAN,L,INDONESIA,828812500,818812500,-10000000,-1.21,53.04,52.40,-0.64,down,MG PT SEMESTA INDOVEST SEKURITAS,
2026-09-08,2026-09-09,MMIX,"MULTI MEDIKA INTERNASIONAL Tbk, PT",PT MULTI INTI USAHA,L,INDONESIA,2754728000,2739309900,-15418100,-0.56,57.39,57.06,-0.33,down,ZP PT MAYBANK SEKURITAS INDONESIA | YB PT Yakin Bertumbuh Sekuritas | LG PT. TRIMEGAH SEKURITAS INDONESIA TBK,
2026-09-08,2026-09-09,NSSS,"NUSANTARA SAWIT SEJAHTERA Tbk, PT",PT NUSANTARA MAKMUR LESTARI,L,INDONESIA,2251487500,2251474500,-13000,-0.00,9.46,9.46,0.00,down,"GR PANIN SEKURITAS Tbk, PT",
2026-09-08,2026-09-09,OBMD,"OBM DRILCHEM Tbk, PT",HENDRA,L,INDONESIA,0,75945300,75945300,,0.00,9.42,9.42,in,LG PT. TRIMEGAH SEKURITAS INDONESIA TBK,
2026-09-08,2026-09-09,OBMD,"OBM DRILCHEM Tbk, PT",PT. SURYAPRANA NUTRISINDO,L,INDONESIA,65868900,0,-65868900,-100.00,8.17,0.00,-8.17,out,LG PT. TRIMEGAH SEKURITAS INDONESIA TBK,
2026-09-08,2026-09-09,PPRI,"PAPEROCKS INDONESIA Tbk, PT",IRSYAD HANIF,L,INDONESIA,169921200,164921200,-5000000,-2.94,15.81,15.34,-0.47,down,DR PT RHB SEKURITAS INDONESIA,
2026-09-08,2026-09-09,PRDA,"PRODIA WIDYAHUSADA Tbk, PT",PT PRODIA WIDYAHUSADA TBK,L,INDONESIA,52746200,55362700,2616500,4.96,5.63,5.91,0.28,up,PT BANK DBS INDONESIA,
2026-09-08,2026-09-09,RLCO,"ABADI LESTARI INDONESIA Tbk, PT",PT SAMUEL SEKURITAS INDONESIA,L,INDONESIA,198644500,205311500,6667000,3.36,6.36,6.57,0.21,up,"IF SAMUEL SEKURITAS INDONESIA, PT",
2026-09-08,2026-09-09,SMMA,"SINAR MAS MULTIARTHA Tbk, PT",SINAR MAS CAKRAWALA,L,INDONESIA,3179674590,3184628659,4954069,0.16,49.93,50.01,0.08,up,"DH SINARMAS SEKURITAS, PT",
2026-09-08,2026-09-09,SQMI,"WILTON MAKMUR INDONESIA Tbk, PT",CGS INTERNATIONAL SECURITIES SINGAPORE PTE LTD,A,SINGAPORE,2916028529,2882028529,-34000000,-1.17,18.77,18.55,-0.22,down,YU PT CGS International Sekuritas Indonesia,
2026-09-08,2026-09-09,SRTG,"SARATOGA INVESTAMA SEDAYA Tbk, PT",EDWIN SOERYADJAYA,L,INDONESIA,4870355690,4870735690,380000,0.01,35.90,35.91,0.01,up,XL PT. STOCKBIT SEKURITAS DIGITAL,
2026-09-08,2026-09-09,SUPA,"SUPER BANK INDONESIA Tbk, PT",A5-DB HOLDINGS PTE. LTD.,A,SINGAPORE,5714173573,5717323473,3149900,0.06,16.86,16.87,0.01,up,"CC MANDIRI SEKURITAS, PT",
2026-09-08,2026-09-09,SURI,"MAJA AGUNG LATEXINDO Tbk, PT",HANSEN JAP,L,INDONESIA,5462210400,5462223000,12600,0.00,86.23,86.23,0.00,up,YP PT MIRAE ASSET SEKURITAS INDONESIA,
2026-09-08,2026-09-09,TAPG,"TRIPUTRA AGRO PERSADA Tbk, PT",IR. T. PERMADI RACHMAT,L,INDONESIA,1012515800,0,-1012515800,-100.00,5.10,0.00,-5.10,out,DX PT BAHANA SEKURITAS,T PERMADI RACHMAT
2026-09-08,2026-09-09,TAPG,"TRIPUTRA AGRO PERSADA Tbk, PT",T PERMADI RACHMAT,L,INDONESIA,0,1012515800,1012515800,,0.00,5.10,5.10,in,DX PT BAHANA SEKURITAS,IR T PERMADI RACHMAT
2026-09-08,2026-09-09,TRST,"TRIAS SENTOSA Tbk, PT","PRIMA POLYCON INDAH, PT.",L,INDONESIA,163865060,163905060,40000,0.02,5.84,5.84,0.00,up,AZ PT SUCOR SEKURITAS,
2026-09-08,2026-09-09,UVCR,"TRIMEGAH KARYA PRATAMA Tbk, PT",DENNY TRICAHYA KUSUMA,L,INDONESIA,121476327,139466327,17990000,14.81,6.07,6.97,0.90,up,CP PT KB VALBURY SEKURITAS,
2026-09-08,2026-09-09,YULE,"YULIE SEKURITAS INDONESIA Tbk, PT",Sabrina Evelyn Elian,L,INDONESIA,92002416,91962316,-40100,-0.04,5.15,5.15,0.00,down,RB PT INA SEKURITAS INDONESIA,
2026-09-09,2026-09-10,ABDA,"ASURANSI BINA DANA ARTA Tbk, PT",OONA INDONESIA PTE LTD,A,SINGAPORE,538604504,538606404,1900,0.00,86.76,86.76,0.00,up,"CC MANDIRI SEKURITAS, PT",
2026-09-09,2026-09-10,ADMF,"ADIRA DINAMIKA MULTI FINANCE Tbk, PT",MUFG Bank Ltd,A,JAPAN,233444159,233440159,-4000,-0.00,18.89,18.89,0.00,down,"BANK DANAMON INDONESIA Tbk, PT",
2026-09-09,2026-09-10,ARNA,"ARWANA CITRAMULIA Tbk, PT","PT ARWANA CITRAMULIA, Tbk",L,INDONESIA,379093200,379693200,600000,0.16,5.16,5.17,0.01,up,DR PT RHB SEKURITAS INDONESIA,
2026-09-09,2026-09-10,BDKR,"BERDIKARI PONDASI PERKASA Tbk, PT","HARUNA BINOSWARA JAYA, PT",L,INDONESIA,286101100,285989800,-111300,-0.04,6.05,6.05,0.00,down,CP PT KB VALBURY SEKURITAS,
2026-09-09,2026-09-10,BEEF,"ESTIKA TATA TIARA Tbk, PT",DIMAS WIBOWO,L,INDONESIA,688508642,689108642,600000,0.09,8.48,8.49,0.01,up,SQ PT BCA SEKURITAS,
2026-09-09,2026-09-10,BGTG,"BANK GANESHA Tbk, PT","PRIMA TUNAS INVESTAMA, PT.",L,INDONESIA,1717400000,2167000000,449600000,26.18,7.16,9.04,1.88,up,BS PT EQUITY SEKURITAS INDONESIA,
2026-09-09,2026-09-10,BSML,"BINTANG SAMUDERA MANDIRI LINES Tbk, PT",PT GOLDFIVE INVESTMENT CAPITAL,L,INDONESIA,673740465,675740465,2000000,0.30,36.41,36.52,0.11,up,CP PT KB VALBURY SEKURITAS,
2026-09-09,2026-09-10,DEFI,"DANASUPRA ERAPACIFIC Tbk, PT",PT QUANTUM CLOVERA INVESTAMA TBK,L,INDONESIA,50000000,40000000,-10000000,-20.00,7.28,5.82,-1.46,down,YP PT MIRAE ASSET SEKURITAS INDONESIA,
2026-09-09,2026-09-10,DEFI,"DANASUPRA ERAPACIFIC Tbk, PT",TATANG TARYANA,L,INDONESIA,36114500,39192700,3078200,8.52,5.25,5.70,0.45,up,XL PT. STOCKBIT SEKURITAS DIGITAL,
2026-09-09,2026-09-10,DEWI,"DEWI SHRI FARMINDO Tbk, PT",SUJITO NGATIMAN,L,INDONESIA,150461800,164761800,14300000,9.50,7.52,8.24,0.72,up,XA PT NH KORINDO SEKURITAS INDONESIA,
2026-09-09,2026-09-10,EMMI,"ESA MEDIKA MANDIRI Tbk, PT",PT YULIE SEKURITAS INDONESIA TBK,L,INDONESIA,172413900,173382600,968700,0.56,9.89,9.95,0.06,up,RS PT YULIE SEKURITAS INDONESIA TBK,
2026-09-09,2026-09-10,ENRG,"ENERGI MEGA PERSADA Tbk, PT",CGS INTERNATIONAL SEKURITAS INDONESIA,L,INDONESIA,2000150269,2000100269,-50000,-0.00,7.53,7.53,0.00,down,YU PT CGS International Sekuritas Indonesia,
2026-09-09,2026-09-10,ENRG,"ENERGI MEGA PERSADA Tbk, PT",PT MAYBANK SEKURITAS INDONESIA - REGISTRAR,L,INDONESIA,2255890500,2255860500,-30000,-0.00,8.49,8.49,0.00,down,ZP PT MAYBANK SEKURITAS INDONESIA,
2026-09-09,2026-09-10,ENRG,"ENERGI MEGA PERSADA Tbk, PT",PT SHIMA GLOBAL KAPITAL,L,INDONESIA,4660422413,4661422413,1000000,0.02,17.54,17.55,0.01,up,PT BANK DBS INDONESIA,
2026-09-09,2026-09-10,FILM,"MD ENTERTAINMENT Tbk, PT",MORGAN STANLEY AND CO INTERNATIONAL PLC,A,UNITED KINGDOM,1144971902,1144263202,-708700,-0.06,10.52,10.51,-0.01,down,PT Bank HSBC Indonesia,
2026-09-09,2026-09-10,FORE,"FORE KOPI INDONESIA Tbk, PT",FERRY SUDJONO,L,INDONESIA,531217000,531638900,421900,0.08,5.96,5.96,0.00,up,YU PT CGS International Sekuritas Indonesia | KI PT CIPTADANA SEKURITAS ASIA,
2026-09-09,2026-09-10,FUJI,"FUJI FINANCE INDONESIA Tbk, PT",GIDEON SURYATIKA,L,INDONESIA,67689000,67676500,-12500,-0.02,5.21,5.21,0.00,down,DR PT RHB SEKURITAS INDONESIA,
2026-09-09,2026-09-10,GOTO,"GOTO GOJEK TOKOPEDIA Tbk, PT",MORGAN STANLEY AND CO INTERNATIONAL PLC,A,UNITED KINGDOM,66415043074,65586043074,-829000000,-1.25,5.58,5.51,-0.07,down,PT Bank HSBC Indonesia,
2026-09-09,2026-09-10,GPRA,"PERDANA GAPURAPRIMA Tbk, PT","ABADIMUKTI GUNALESTARI, PT",L,INDONESIA,1959115320,1957965320,-1150000,-0.06,45.81,45.78,-0.03,down,ZP PT MAYBANK SEKURITAS INDONESIA | XA PT NH KORINDO SEKURITAS INDONESIA,
2026-09-09,2026-09-10,GPRA,"PERDANA GAPURAPRIMA Tbk, PT",ADITYA ANTONIUS,L,INDONESIA,228410800,226229600,-2181200,-0.95,5.34,5.29,-0.05,down,"OD BRI DANAREKSA SEKURITAS, PT",
2026-09-09,2026-09-10,HALO,"HALONI JANE Tbk, PT",HANSEN JAP,L,INDONESIA,4929106200,4929186200,80000,0.00,81.09,81.09,0.00,up,YP PT MIRAE ASSET SEKURITAS INDONESIA,
2026-09-09,2026-09-10,IMPC,"IMPACK PRATAMA INDUSTRI Tbk, PT",TUNGGAL JAYA INVESTAMA PT,L,INDONESIA,5173229394,5176629394,3400000,0.07,9.42,9.43,0.01,up,SQ PT BCA SEKURITAS,
2026-09-09,2026-09-10,JPFA,"JAPFA COMFEED INDONESIA Tbk, PT",JAPFA PTE LTD,A,SINGAPORE,6606181816,6606181816,0,0.00,56.34,56.34,0.00,shuffle,BUT DEUTSCHE BANK AG | PT BANK DBS INDONESIA,
2026-09-09,2026-09-10,KBAG,"KARYA BERSAMA ANUGERAH Tbk, PT",SALIM LIM,L,INDONESIA,738385200,739085200,700000,0.09,10.33,10.34,0.01,up,"NI BNI SEKURITAS, PT",
2026-09-09,2026-09-10,KDTN,"PURI SENTUL PERMAI Tbk, PT",PT PUTRASAKTI MANDIRI,L,INDONESIA,410000000,409000000,-1000000,-0.24,32.80,32.72,-0.08,down,"IF SAMUEL SEKURITAS INDONESIA, PT",
2026-09-09,2026-09-10,LOPI,"LOGISTICSPLUS INTERNATIONAL Tbk, PT",PT SENTRA AMANAH VENTURA,L,INDONESIA,616844200,602134200,-14710000,-2.38,56.08,54.74,-1.34,down,AD PT SUKADANA PRIMA SEKURITAS,
2026-09-09,2026-09-10,LOPI,"LOGISTICSPLUS INTERNATIONAL Tbk, PT",TJEUW HERYANTO,L,,64950200,73143600,8193400,12.61,5.90,6.65,0.75,up,SQ PT BCA SEKURITAS,
2026-09-09,2026-09-10,LPLI,"STAR PACIFIC Tbk, PT",HX TRADING LIMITED,A,"VIRGIN ISLANDS, BRITISH",207161667,207111567,-50100,-0.02,17.70,17.70,0.00,down,IU PT INDO CAPITAL SEKURITAS,
2026-09-09,2026-09-10,MAYA,"BANK MAYAPADA INTERNASIONAL Tbk, PT",BRILLIANT BAZAAR PTE LTD,A,SINGAPORE,0,1334344855,1334344855,,0.00,5.10,5.10,in,ID PT Anugerah Sekuritas Indonesia,
2026-09-09,2026-09-10,MDIY,"DAYA INTIGUNA YASA Tbk, PT",MDIH (SINGAPORE) PTE. LTD.,A,SINGAPORE,8961618600,8961918600,300000,0.00,35.58,35.58,0.00,up,BUT. STANDARD CHARTERED BANK,
2026-09-09,2026-09-10,MDIY,"DAYA INTIGUNA YASA Tbk, PT",TAN YU WEI,A,MALAYSIA,1434218500,1434248500,30000,0.00,5.69,5.69,0.00,up,BUT. STANDARD CHARTERED BANK,
2026-09-09,2026-09-10,MGLV,"NEXAI DIGITAL INFRASTRUKTUR Tbk, PT",NEXTIER DATAMATE CENTER PT,L,INDONESIA,1275000000,1240000000,-35000000,-2.75,66.93,65.10,-1.83,down,LG PT. TRIMEGAH SEKURITAS INDONESIA TBK,
2026-09-09,2026-09-10,MPRO,"MAHA PROPERTI INDONESIA Tbk, PT",JONATHAN TAHIR,L,INDONESIA,0,3402652500,3402652500,,0.00,34.22,34.22,in,BUT DEUTSCHE BANK AG | ID PT Anugerah Sekuritas Indonesia,
2026-09-09,2026-09-10,NSSS,"NUSANTARA SAWIT SEJAHTERA Tbk, PT",PT NUSANTARA MAKMUR LESTARI,L,INDONESIA,2251474500,2251364500,-110000,-0.00,9.46,9.46,0.00,down,"GR PANIN SEKURITAS Tbk, PT",
2026-09-09,2026-09-10,NSSS,"NUSANTARA SAWIT SEJAHTERA Tbk, PT",PT SAMUEL SEKURITAS INDONESIA,L,INDONESIA,6334373200,6045069000,-289304200,-4.57,26.61,25.40,-1.21,down,"IF SAMUEL SEKURITAS INDONESIA, PT",
2026-09-09,2026-09-10,PPRI,"PAPEROCKS INDONESIA Tbk, PT",IRSYAD HANIF,L,INDONESIA,164921200,159921200,-5000000,-3.03,15.34,14.88,-0.46,down,CP PT KB VALBURY SEKURITAS,
2026-09-09,2026-09-10,PRDA,"PRODIA WIDYAHUSADA Tbk, PT",PT PRODIA WIDYAHUSADA TBK,L,INDONESIA,55362700,56317700,955000,1.72,5.91,6.01,0.10,up,PT BANK DBS INDONESIA,
2026-09-09,2026-09-10,RGAS,"KIAN SANTANG MULIATAMA Tbk, PT",EDY NURHAMID AMIN,L,INDONESIA,0,210937500,210937500,,0.00,14.46,14.46,in,KI PT CIPTADANA SEKURITAS ASIA,
2026-09-09,2026-09-10,RGAS,"KIAN SANTANG MULIATAMA Tbk, PT",FADJAR TRI ANANDA,L,INDONESIA,0,168750000,168750000,,0.00,11.56,11.56,in,KI PT CIPTADANA SEKURITAS ASIA,
2026-09-09,2026-09-10,RLCO,"ABADI LESTARI INDONESIA Tbk, PT",PT SAMUEL SEKURITAS INDONESIA,L,INDONESIA,205311500,175686100,-29625400,-14.43,6.57,5.62,-0.95,down,"IF SAMUEL SEKURITAS INDONESIA, PT",
2026-09-09,2026-09-10,SMMA,"SINAR MAS MULTIARTHA Tbk, PT",SINAR MAS CAKRAWALA,L,INDONESIA,3184628659,3183218535,-1410124,-0.04,50.01,49.99,-0.02,down,"DH SINARMAS SEKURITAS, PT",
2026-09-09,2026-09-10,SPRE,"SORAYA BERJAYA INDONESIA Tbk, PT",MOCH ADHI PAMUNGKAS,L,INDONESIA,0,42391500,42391500,,0.00,5.30,5.30,in,"NI BNI SEKURITAS, PT",
2026-09-09,2026-09-10,SQMI,"WILTON MAKMUR INDONESIA Tbk, PT",CGS INTERNATIONAL SECURITIES SINGAPORE PTE LTD,A,SINGAPORE,2882028529,2810122629,-71905900,-2.49,18.55,18.09,-0.46,down,YU PT CGS International Sekuritas Indonesia,
2026-09-09,2026-09-10,SRTG,"SARATOGA INVESTAMA SEDAYA Tbk, PT",EDWIN SOERYADJAYA,L,INDONESIA,4870735690,4871751490,1015800,0.02,35.91,35.91,0.00,up,XL PT. STOCKBIT SEKURITAS DIGITAL,
2026-09-09,2026-09-10,SURI,"MAJA AGUNG LATEXINDO Tbk, PT",HANSEN JAP,L,INDONESIA,5462223000,5462602400,379400,0.01,86.23,86.24,0.01,up,YP PT MIRAE ASSET SEKURITAS INDONESIA,
2026-09-09,2026-09-10,SWAT,"SRIWAHANA ADITYAKARTA Tbk, PT",PT. SUMBER MAKMUR LUMINTU,L,INDONESIA,0,2331450000,2331450000,,0.00,77.22,77.22,in,AZ PT SUCOR SEKURITAS,
2026-09-09,2026-09-10,TAMA,"LANCARTAMA SEJATI Tbk, PT",VERAH WAHYUDI S. WONG,L,INDONESIA,115011000,120767300,5756300,5.00,9.58,10.06,0.48,up,"AO ERDIKHA ELIT, PT",
2026-09-09,2026-09-10,TAXI,EXPRESS TRANSINDO UTAMA Tbk,PO SUSANTO,L,INDONESIA,594001300,590001300,-4000000,-0.67,5.81,5.77,-0.04,down,CP PT KB VALBURY SEKURITAS,
2026-09-09,2026-09-10,TRIN,"PERINTIS TRINITI PROPERTI Tbk, PT",PT INTAN INVESTAMA INTERNASIONAL,L,INDONESIA,1241574500,1231574500,-10000000,-0.81,27.28,27.06,-0.22,down,YP PT MIRAE ASSET SEKURITAS INDONESIA,
2026-09-09,2026-09-10,TRIN,"PERINTIS TRINITI PROPERTI Tbk, PT",PT KUNCI DAUD INDONESIA,L,INDONESIA,1628738000,1618738000,-10000000,-0.61,35.78,35.57,-0.21,down,YP PT MIRAE ASSET SEKURITAS INDONESIA,
2026-09-09,2026-09-10,TRST,"TRIAS SENTOSA Tbk, PT","PRIMA POLYCON INDAH, PT.",L,INDONESIA,163905060,163945060,40000,0.02,5.84,5.84,0.00,up,AZ PT SUCOR SEKURITAS,
2026-09-09,2026-09-10,VICI,"VICTORIA CARE INDONESIA Tbk, PT",BEAUTY BRANDS INTERNATIONAL PTE LTD,A,SINGAPORE,1677000000,0,-1677000000,-100.00,25.00,0.00,-25.00,out,BUT. STANDARD CHARTERED BANK,SUKSES SEJATI SEJAHTERA
2026-09-09,2026-09-10,VICI,"VICTORIA CARE INDONESIA Tbk, PT",PT SUKSES SEJATI SEJAHTERA,L,INDONESIA,4021380000,5698380000,1677000000,41.70,59.95,84.95,25.00,up,"NI BNI SEKURITAS, PT",BEAUTY BRANDS INTERNATIONAL
2026-09-09,2026-09-10,YULE,"YULIE SEKURITAS INDONESIA Tbk, PT",Sabrina Evelyn Elian,L,INDONESIA,91962316,91968116,5800,0.01,5.15,5.15,0.00,up,RB PT INA SEKURITAS INDONESIA,
2026-09-10,2026-09-11,ABDA,"ASURANSI BINA DANA ARTA Tbk, PT",OONA INDONESIA PTE LTD,A,SINGAPORE,538606404,538603404,-3000,-0.00,86.76,86.76,0.00,down,"CC MANDIRI SEKURITAS, PT",
2026-09-10,2026-09-11,ARNA,"ARWANA CITRAMULIA Tbk, PT","PT ARWANA CITRAMULIA, Tbk",L,INDONESIA,379693200,380193200,500000,0.13,5.17,5.18,0.01,up,DR PT RHB SEKURITAS INDONESIA,
2026-09-10,2026-09-11,BDKR,"BERDIKARI PONDASI PERKASA Tbk, PT","HARUNA BINOSWARA JAYA, PT",L,INDONESIA,285989800,285881200,-108600,-0.04,6.05,6.05,0.00,down,CP PT KB VALBURY SEKURITAS,
2026-09-10,2026-09-11,BEEF,"ESTIKA TATA TIARA Tbk, PT",DIMAS WIBOWO,L,INDONESIA,689108642,690473342,1364700,0.20,8.49,8.50,0.01,up,SQ PT BCA SEKURITAS,
2026-09-10,2026-09-11,BIKE,"BHINEKA INOVASI KETAHANAN ENERGI Tbk, PT",SENDI,L,INDONESIA,76019540,76219540,200000,0.26,5.88,5.89,0.01,up,KK PT PHILLIP SEKURITAS INDONESIA,
2026-09-10,2026-09-11,BSML,"BINTANG SAMUDERA MANDIRI LINES Tbk, PT",ANDRIANSYAH PRAYITNO,L,INDONESIA,239819700,237990500,-1829200,-0.76,12.96,12.86,-0.10,down,"OD BRI DANAREKSA SEKURITAS, PT | XA PT NH KORINDO SEKURITAS INDONESIA",
2026-09-10,2026-09-11,BSML,"BINTANG SAMUDERA MANDIRI LINES Tbk, PT","SANCA GRIYA MODALINDO, PT",L,INDONESIA,99219000,0,-99219000,-100.00,5.36,0.00,-5.36,out,CP PT KB VALBURY SEKURITAS,
2026-09-10,2026-09-11,DEWI,"DEWI SHRI FARMINDO Tbk, PT",SUJITO NGATIMAN,L,INDONESIA,164761800,165529100,767300,0.47,8.24,8.28,0.04,up,XA PT NH KORINDO SEKURITAS INDONESIA,
2026-09-10,2026-09-11,EMMI,"ESA MEDIKA MANDIRI Tbk, PT",PT YULIE SEKURITAS INDONESIA TBK,L,INDONESIA,173382600,174824500,1441900,0.83,9.95,10.03,0.08,up,RS PT YULIE SEKURITAS INDONESIA TBK,
2026-09-10,2026-09-11,ENRG,"ENERGI MEGA PERSADA Tbk, PT",CGS INTERNATIONAL SEKURITAS INDONESIA,L,INDONESIA,2000100269,2000050269,-50000,-0.00,7.53,7.53,0.00,down,YU PT CGS International Sekuritas Indonesia,
2026-09-10,2026-09-11,ENRG,"ENERGI MEGA PERSADA Tbk, PT",PT MAYBANK SEKURITAS INDONESIA - REGISTRAR,L,INDONESIA,2255860500,2255831700,-28800,-0.00,8.49,8.49,0.00,down,ZP PT MAYBANK SEKURITAS INDONESIA,
2026-09-10,2026-09-11,ESSA,"ESSA INDUSTRIES INDONESIA Tbk, PT",BANK JULIUS BAER & CO. LTD,A,SINGAPORE,991456133,981456133,-10000000,-1.01,5.76,5.70,-0.06,down,PT Bank HSBC Indonesia,
2026-09-10,2026-09-11,FILM,"MD ENTERTAINMENT Tbk, PT",MORGAN STANLEY AND CO INTERNATIONAL PLC,A,UNITED KINGDOM,1144263202,1141726402,-2536800,-0.22,10.51,10.49,-0.02,down,PT Bank HSBC Indonesia,
2026-09-10,2026-09-11,GOTO,"GOTO GOJEK TOKOPEDIA Tbk, PT",MORGAN STANLEY AND CO INTERNATIONAL PLC,A,UNITED KINGDOM,65586043074,64588143074,-997900000,-1.52,5.51,5.42,-0.09,down,PT Bank HSBC Indonesia,
2026-09-10,2026-09-11,GPRA,"PERDANA GAPURAPRIMA Tbk, PT","ABADIMUKTI GUNALESTARI, PT",L,INDONESIA,1957965320,1957905920,-59400,-0.00,45.78,45.78,0.00,down,ZP PT MAYBANK SEKURITAS INDONESIA,
2026-09-10,2026-09-11,GPRA,"PERDANA GAPURAPRIMA Tbk, PT",ADITYA ANTONIUS,L,INDONESIA,226229600,222395200,-3834400,-1.69,5.29,5.20,-0.09,down,"OD BRI DANAREKSA SEKURITAS, PT",
2026-09-10,2026-09-11,INPS,"INDAH PRAKASA SENTOSA Tbk, PT",PT GRAHA INTI GUNA PERSADA,L,INDONESIA,502858000,501208000,-1650000,-0.33,77.36,77.11,-0.25,down,IC PT INTEGRITY CAPITAL SEKURITAS,
2026-09-10,2026-09-11,KBAG,"KARYA BERSAMA ANUGERAH Tbk, PT",SALIM LIM,L,INDONESIA,739085200,739135200,50000,0.01,10.34,10.34,0.00,up,"NI BNI SEKURITAS, PT",
2026-09-10,2026-09-11,KDTN,"PURI SENTUL PERMAI Tbk, PT",PT PUTRASAKTI MANDIRI,L,INDONESIA,409000000,403000000,-6000000,-1.47,32.72,32.24,-0.48,down,"IF SAMUEL SEKURITAS INDONESIA, PT",
2026-09-10,2026-09-11,KOPI,"MITRA ENERGI PERSADA Tbk, PT",PT. GLOBAL PERKASA INVESTINDO,L,INDONESIA,49031800,48781800,-250000,-0.51,7.03,7.00,-0.03,down,"GR PANIN SEKURITAS Tbk, PT",
2026-09-10,2026-09-11,LOPI,"LOGISTICSPLUS INTERNATIONAL Tbk, PT",PT SENTRA AMANAH VENTURA,L,INDONESIA,602134200,600000000,-2134200,-0.35,54.74,54.54,-0.20,down,AD PT SUKADANA PRIMA SEKURITAS,
2026-09-10,2026-09-11,LOPI,"LOGISTICSPLUS INTERNATIONAL Tbk, PT",TJEUW HERYANTO,L,,73143600,71606800,-1536800,-2.10,6.65,6.51,-0.14,down,SQ PT BCA SEKURITAS,
2026-09-10,2026-09-11,LPLI,"STAR PACIFIC Tbk, PT",HX TRADING LIMITED,A,"VIRGIN ISLANDS, BRITISH",207111567,207007367,-104200,-0.05,17.70,17.69,-0.01,down,IU PT INDO CAPITAL SEKURITAS,
2026-09-10,2026-09-11,MDIY,"DAYA INTIGUNA YASA Tbk, PT",MDIH (SINGAPORE) PTE. LTD.,A,SINGAPORE,8961918600,8962494300,575700,0.01,35.58,35.58,0.00,up,BUT. STANDARD CHARTERED BANK,
2026-09-10,2026-09-11,MDIY,"DAYA INTIGUNA YASA Tbk, PT",TAN YU WEI,A,MALAYSIA,1434248500,1434308500,60000,0.00,5.69,5.69,0.00,up,BUT. STANDARD CHARTERED BANK,
2026-09-10,2026-09-11,MMIX,"MULTI MEDIKA INTERNASIONAL Tbk, PT",PT MULTI INTI USAHA,L,INDONESIA,2739309900,2726285000,-13024900,-0.48,57.06,56.79,-0.27,down,AG PT KIWOOM SEKURITAS INDONESIA | XA PT NH KORINDO SEKURITAS INDONESIA,
2026-09-10,2026-09-11,MPRO,"MAHA PROPERTI INDONESIA Tbk, PT",JONATHAN TAHIR,L,INDONESIA,3402652500,3402652500,0,0.00,34.22,34.22,0.00,shuffle,BUT DEUTSCHE BANK AG | ID PT Anugerah Sekuritas Indonesia,
2026-09-10,2026-09-11,PPRI,"PAPEROCKS INDONESIA Tbk, PT",BUDI ADITYA ERNA MULYANTO,L,INDONESIA,147171500,137171500,-10000000,-6.79,13.69,12.76,-0.93,down,CP PT KB VALBURY SEKURITAS,
2026-09-10,2026-09-11,PPRI,"PAPEROCKS INDONESIA Tbk, PT",IRSYAD HANIF,L,INDONESIA,159921200,155402400,-4518800,-2.83,14.88,14.46,-0.42,down,CP PT KB VALBURY SEKURITAS,
2026-09-10,2026-09-11,PRDA,"PRODIA WIDYAHUSADA Tbk, PT",PT PRODIA WIDYAHUSADA TBK,L,INDONESIA,56317700,56599700,282000,0.50,6.01,6.04,0.03,up,PT BANK DBS INDONESIA,
2026-09-10,2026-09-11,PURA,"PUTRA RAJAWALI KENCANA Tbk, PT",CGS INTERNATIONAL SECURITIES SINGAPORE PTE LTD,A,SINGAPORE,396408200,396409200,1000,0.00,6.29,6.29,0.00,up,YU PT CGS International Sekuritas Indonesia,
2026-09-10,2026-09-11,REAL,"REPOWER ASIA INDONESIA Tbk, PT",PT ENAM BERLIAN SINERGI,L,INDONESIA,0,3099480000,3099480000,,0.00,46.72,46.72,in,BR PT TRUST SEKURITAS,
2026-09-10,2026-09-11,SMMA,"SINAR MAS MULTIARTHA Tbk, PT",SINAR MAS CAKRAWALA,L,INDONESIA,3183218535,3179966686,-3251849,-0.10,49.99,49.94,-0.05,down,"DH SINARMAS SEKURITAS, PT",
2026-09-10,2026-09-11,SPRE,"SORAYA BERJAYA INDONESIA Tbk, PT",MOCH ADHI PAMUNGKAS,L,INDONESIA,42391500,43947700,1556200,3.67,5.30,5.49,0.19,up,"NI BNI SEKURITAS, PT",
2026-09-10,2026-09-11,SQMI,"WILTON MAKMUR INDONESIA Tbk, PT",CGS INTERNATIONAL SECURITIES SINGAPORE PTE LTD,A,SINGAPORE,2810122629,2599122629,-211000000,-7.51,18.09,16.73,-1.36,down,YU PT CGS International Sekuritas Indonesia,
2026-09-10,2026-09-11,SRTG,"SARATOGA INVESTAMA SEDAYA Tbk, PT",EDWIN SOERYADJAYA,L,INDONESIA,4871751490,4872231490,480000,0.01,35.91,35.92,0.01,up,XL PT. STOCKBIT SEKURITAS DIGITAL,
2026-09-10,2026-09-11,SUPA,"SUPER BANK INDONESIA Tbk, PT",A5-DB HOLDINGS PTE. LTD.,A,SINGAPORE,5717323473,5720105373,2781900,0.05,16.87,16.87,0.00,up,"CC MANDIRI SEKURITAS, PT",
2026-09-10,2026-09-11,SURI,"MAJA AGUNG LATEXINDO Tbk, PT",HANSEN JAP,L,INDONESIA,5462602400,5463525700,923300,0.02,86.24,86.25,0.01,up,"CC MANDIRI SEKURITAS, PT | YP PT MIRAE ASSET SEKURITAS INDONESIA",
2026-09-10,2026-09-11,TRST,"TRIAS SENTOSA Tbk, PT","PRIMA POLYCON INDAH, PT.",L,INDONESIA,163945060,163985060,40000,0.02,5.84,5.84,0.00,up,AZ PT SUCOR SEKURITAS,
2026-09-10,2026-09-11,TSPC,"TEMPO SCAN PACIFIC Tbk, PT",PT. BOGAMULIA NAGADI,L,INDONESIA,4107193518,4107352618,159100,0.00,91.07,91.07,0.00,up,TP PT OCBC SEKURITAS INDONESIA,
2026-09-10,2026-09-11,UNTR,"UNITED TRACTORS Tbk, PT",PT UNITED TRACTORS TBK,L,INDONESIA,289697500,290151100,453600,0.16,7.77,7.78,0.01,up,"BANK RAKYAT INDONESIA (PERSERO), PT",
2026-09-10,2026-09-11,YULE,"YULIE SEKURITAS INDONESIA Tbk, PT",Sabrina Evelyn Elian,L,INDONESIA,91968116,91916916,-51200,-0.06,5.15,5.15,0.00,down,RB PT INA SEKURITAS INDONESIA,
2026-09-11,2026-09-14,ABDA,"ASURANSI BINA DANA ARTA Tbk, PT",OONA INDONESIA PTE LTD,A,SINGAPORE,538603404,538611504,8100,0.00,86.76,86.76,0.00,up,"CC MANDIRI SEKURITAS, PT",
2026-09-11,2026-09-14,ARNA,"ARWANA CITRAMULIA Tbk, PT","PT ARWANA CITRAMULIA, Tbk",L,INDONESIA,380193200,380843200,650000,0.17,5.18,5.19,0.01,up,DR PT RHB SEKURITAS INDONESIA,
2026-09-11,2026-09-14,BDKR,"BERDIKARI PONDASI PERKASA Tbk, PT","HARUNA BINOSWARA JAYA, PT",L,INDONESIA,285881200,286081200,200000,0.07,6.05,6.05,0.00,up,CP PT KB VALBURY SEKURITAS,
2026-09-11,2026-09-14,BEEF,"ESTIKA TATA TIARA Tbk, PT",DIMAS WIBOWO,L,INDONESIA,690473342,691223342,750000,0.11,8.50,8.51,0.01,up,SQ PT BCA SEKURITAS,
2026-09-11,2026-09-14,BKSL,"SENTUL CITY Tbk, PT",PT SAMUEL SEKURITAS INDONESIA,L,INDONESIA,0,8989961754,8989961754,,0.00,5.36,5.36,in,"IF SAMUEL SEKURITAS INDONESIA, PT",
2026-09-11,2026-09-14,BMBL,"LAVENDER BINA CENDIKIA Tbk, PT",PT AMMAR AL AMANAH,L,INDONESIA,195903900,160903900,-35000000,-17.87,19.02,15.62,-3.40,down,BR PT TRUST SEKURITAS,
2026-09-11,2026-09-14,BSML,"BINTANG SAMUDERA MANDIRI LINES Tbk, PT",ANDRIANSYAH PRAYITNO,L,INDONESIA,237990500,237869700,-120800,-0.05,12.86,12.86,0.00,down,"OD BRI DANAREKSA SEKURITAS, PT",
2026-09-11,2026-09-14,BSML,"BINTANG SAMUDERA MANDIRI LINES Tbk, PT",PT GOLDFIVE INVESTMENT CAPITAL,L,INDONESIA,675740465,672039365,-3701100,-0.55,36.52,36.32,-0.20,down,FS PT YUANTA SEKURITAS INDONESIA,
2026-09-11,2026-09-14,BSML,"BINTANG SAMUDERA MANDIRI LINES Tbk, PT","SANCA GRIYA MODALINDO, PT",L,INDONESIA,0,98719000,98719000,,0.00,5.34,5.34,in,CP PT KB VALBURY SEKURITAS,
2026-09-11,2026-09-14,DEFI,"DANASUPRA ERAPACIFIC Tbk, PT",TATANG TARYANA,L,INDONESIA,39192700,39692700,500000,1.28,5.70,5.78,0.08,up,XL PT. STOCKBIT SEKURITAS DIGITAL,
2026-09-11,2026-09-14,DEWI,"DEWI SHRI FARMINDO Tbk, PT",SUJITO NGATIMAN,L,INDONESIA,165529100,152029100,-13500000,-8.16,8.28,7.60,-0.68,down,XA PT NH KORINDO SEKURITAS INDONESIA,
2026-09-11,2026-09-14,DILD,"INTILAND DEVELOPMENT Tbk, PT",DRS LO KHENG HONG,L,INDONESIA,779235700,779835700,600000,0.08,7.52,7.52,0.00,up,SQ PT BCA SEKURITAS,
2026-09-11,2026-09-14,EMMI,"ESA MEDIKA MANDIRI Tbk, PT",PT YULIE SEKURITAS INDONESIA TBK,L,INDONESIA,174824500,175340400,515900,0.30,10.03,10.06,0.03,up,RS PT YULIE SEKURITAS INDONESIA TBK,
2026-09-11,2026-09-14,ENRG,"ENERGI MEGA PERSADA Tbk, PT",PT MAYBANK SEKURITAS INDONESIA - REGISTRAR,L,INDONESIA,2255831700,2255810700,-21000,-0.00,8.49,8.49,0.00,down,ZP PT MAYBANK SEKURITAS INDONESIA,
2026-09-11,2026-09-14,EURO,"ESTEE GOLD FEET Tbk, PT","FIRSTINDO FINANCIAL CORPORA, PT",L,INDONESIA,0,133600000,133600000,,0.00,5.24,5.24,in,II PT DANATAMA MAKMUR SEKURITAS,
2026-09-11,2026-09-14,FILM,"MD ENTERTAINMENT Tbk, PT",MORGAN STANLEY AND CO INTERNATIONAL PLC,A,UNITED KINGDOM,1141726402,1141701502,-24900,-0.00,10.49,10.49,0.00,down,PT Bank HSBC Indonesia,
2026-09-11,2026-09-14,FUJI,"FUJI FINANCE INDONESIA Tbk, PT",PT CHARNIC CAPITAL TBK,L,INDONESIA,105045100,105224900,179800,0.17,8.08,8.09,0.01,up,PD PT INDO PREMIER SEKURITAS,
2026-09-11,2026-09-14,GOTO,"GOTO GOJEK TOKOPEDIA Tbk, PT",MORGAN STANLEY AND CO INTERNATIONAL PLC,A,UNITED KINGDOM,64588143074,64396696274,-191446800,-0.30,5.42,5.41,-0.01,down,PT Bank HSBC Indonesia,
2026-09-11,2026-09-14,GPRA,"PERDANA GAPURAPRIMA Tbk, PT","ABADIMUKTI GUNALESTARI, PT",L,INDONESIA,1957905920,1958569120,663200,0.03,45.78,45.80,0.02,up,XA PT NH KORINDO SEKURITAS INDONESIA,
2026-09-11,2026-09-14,GPRA,"PERDANA GAPURAPRIMA Tbk, PT",ADITYA ANTONIUS,L,INDONESIA,222395200,223813700,1418500,0.64,5.20,5.23,0.03,up,"OD BRI DANAREKSA SEKURITAS, PT",
2026-09-11,2026-09-14,GPRA,"PERDANA GAPURAPRIMA Tbk, PT","KHARISMA ANDALAS PUTRA, PT",L,INDONESIA,220040634,220009634,-31000,-0.01,5.15,5.14,-0.01,down,XA PT NH KORINDO SEKURITAS INDONESIA,
2026-09-11,2026-09-14,HEAL,"MEDIKALOKA HERMINA Tbk, PT",YULISAR K,L,INDONESIA,993800666,993800666,0,0.00,6.47,6.47,0.00,shuffle,"OD BRI DANAREKSA SEKURITAS, PT | CC MANDIRI SEKURITAS, PT",
2026-09-11,2026-09-14,IMPC,"IMPACK PRATAMA INDUSTRI Tbk, PT",TUNGGAL JAYA INVESTAMA PT,L,INDONESIA,5176629394,5177991694,1362300,0.03,9.43,9.43,0.00,up,SQ PT BCA SEKURITAS,
2026-09-11,2026-09-14,INPS,"INDAH PRAKASA SENTOSA Tbk, PT",PT GRAHA INTI GUNA PERSADA,L,INDONESIA,501208000,498858000,-2350000,-0.47,77.11,76.75,-0.36,down,IC PT INTEGRITY CAPITAL SEKURITAS,
2026-09-11,2026-09-14,KBAG,"KARYA BERSAMA ANUGERAH Tbk, PT",SALIM LIM,L,INDONESIA,739135200,739535200,400000,0.05,10.34,10.34,0.00,up,"NI BNI SEKURITAS, PT",
2026-09-11,2026-09-14,KBLM,"KABELINDO MURNI Tbk, PT",PT ERDHIKA ELIT SEKURITAS,L,INDONESIA,73711600,73811600,100000,0.14,6.58,6.59,0.01,up,"AO ERDIKHA ELIT, PT",
2026-09-11,2026-09-14,KDTN,"PURI SENTUL PERMAI Tbk, PT",PT PUTRASAKTI MANDIRI,L,INDONESIA,403000000,400700100,-2299900,-0.57,32.24,32.06,-0.18,down,"YU PT CGS International Sekuritas Indonesia | IF SAMUEL SEKURITAS INDONESIA, PT",
2026-09-11,2026-09-14,KOPI,"MITRA ENERGI PERSADA Tbk, PT",PT. GLOBAL PERKASA INVESTINDO,L,INDONESIA,48781800,48631800,-150000,-0.31,7.00,6.97,-0.03,down,"GR PANIN SEKURITAS Tbk, PT",
2026-09-11,2026-09-14,LOPI,"LOGISTICSPLUS INTERNATIONAL Tbk, PT",TJEUW HERYANTO,L,,71606800,69720800,-1886000,-2.63,6.51,6.34,-0.17,down,SQ PT BCA SEKURITAS,
2026-09-11,2026-09-14,LPLI,"STAR PACIFIC Tbk, PT",HX TRADING LIMITED,A,"VIRGIN ISLANDS, BRITISH",207007367,206947367,-60000,-0.03,17.69,17.68,-0.01,down,IU PT INDO CAPITAL SEKURITAS,
2026-09-11,2026-09-14,MAXI,"MAXINDO KARYA ANUGERAH Tbk, PT",PT KARYA NUSA PERDANA,L,INDONESIA,1344785700,1189785700,-155000000,-11.53,13.99,12.38,-1.61,down,FZ PT WATERFRONT SEKURITAS INDONESIA,TINA IRAWATY
2026-09-11,2026-09-14,MAXI,"MAXINDO KARYA ANUGERAH Tbk, PT",TINA IRAWATY,L,INDONESIA,497414509,652414509,155000000,31.16,5.18,6.79,1.61,up,FZ PT WATERFRONT SEKURITAS INDONESIA,KARYA NUSA PERDANA
2026-09-11,2026-09-14,MDIY,"DAYA INTIGUNA YASA Tbk, PT",MDIH (SINGAPORE) PTE. LTD.,A,SINGAPORE,8962494300,8962644300,150000,0.00,35.58,35.58,0.00,up,BUT. STANDARD CHARTERED BANK,
2026-09-11,2026-09-14,MDIY,"DAYA INTIGUNA YASA Tbk, PT",TAN YU WEI,A,MALAYSIA,1434308500,1434368500,60000,0.00,5.69,5.69,0.00,up,BUT. STANDARD CHARTERED BANK,
2026-09-11,2026-09-14,MMIX,"MULTI MEDIKA INTERNASIONAL Tbk, PT",PT MULTI INTI USAHA,L,INDONESIA,2726285000,2728034100,1749100,0.06,56.79,56.83,0.04,up,AG PT KIWOOM SEKURITAS INDONESIA | ZP PT MAYBANK SEKURITAS INDONESIA | XA PT NH KORINDO SEKURITAS INDONESIA,
2026-09-11,2026-09-14,NSSS,"NUSANTARA SAWIT SEJAHTERA Tbk, PT",PT SAMUEL SEKURITAS INDONESIA,L,INDONESIA,6045069000,4860938900,-1184130100,-19.59,25.40,20.42,-4.98,down,"IF SAMUEL SEKURITAS INDONESIA, PT",
2026-09-11,2026-09-14,NSSS,"NUSANTARA SAWIT SEJAHTERA Tbk, PT",PT. SAMUEL TUMBUH BERSAMA,L,INDONESIA,2107437000,3349088700,1241651700,58.92,8.85,14.07,5.22,up,"IF SAMUEL SEKURITAS INDONESIA, PT",
2026-09-11,2026-09-14,OBMD,"OBM DRILCHEM Tbk, PT",HENDRA,L,INDONESIA,75945300,0,-75945300,-100.00,9.42,0.00,-9.42,out,LG PT. TRIMEGAH SEKURITAS INDONESIA TBK,
2026-09-11,2026-09-14,OBMD,"OBM DRILCHEM Tbk, PT",PT. SURYAPRANA NUTRISINDO,L,INDONESIA,0,66208900,66208900,,0.00,8.21,8.21,in,LG PT. TRIMEGAH SEKURITAS INDONESIA TBK,
2026-09-11,2026-09-14,PPGL,"PRIMA GLOBALINDO LOGISTIK Tbk, PT",JAP ASTRID PATRICIA,L,INDONESIA,175818833,175818833,0,0.00,22.80,22.80,0.00,shuffle,CP PT KB VALBURY SEKURITAS | XA PT NH KORINDO SEKURITAS INDONESIA,
2026-09-11,2026-09-14,PPRI,"PAPEROCKS INDONESIA Tbk, PT",IRSYAD HANIF,L,INDONESIA,155402400,153588300,-1814100,-1.17,14.46,14.29,-0.17,down,CP PT KB VALBURY SEKURITAS,
2026-09-11,2026-09-14,PRDA,"PRODIA WIDYAHUSADA Tbk, PT",PT PRODIA WIDYAHUSADA TBK,L,INDONESIA,56599700,57190300,590600,1.04,6.04,6.10,0.06,up,PT BANK DBS INDONESIA,
2026-09-11,2026-09-14,PURA,"PUTRA RAJAWALI KENCANA Tbk, PT",CGS INTERNATIONAL SECURITIES SINGAPORE PTE LTD,A,SINGAPORE,396409200,396410200,1000,0.00,6.29,6.29,0.00,up,YU PT CGS International Sekuritas Indonesia,
2026-09-11,2026-09-14,RLCO,"ABADI LESTARI INDONESIA Tbk, PT",PT SAMUEL SEKURITAS INDONESIA,L,INDONESIA,175686100,205334300,29648200,16.88,5.62,6.57,0.95,up,"IF SAMUEL SEKURITAS INDONESIA, PT",
2026-09-11,2026-09-14,SMLE,"SINERGI MULTI LESTARINDO Tbk, PT",SINERGI ASIA CORPORINDO PT,L,INDONESIA,1320720200,1320720200,0,0.00,56.73,56.73,0.00,shuffle,XA PT NH KORINDO SEKURITAS INDONESIA | BR PT TRUST SEKURITAS,
2026-09-11,2026-09-14,SMMA,"SINAR MAS MULTIARTHA Tbk, PT",SINAR MAS CAKRAWALA,L,INDONESIA,3179966686,3179544452,-422234,-0.01,49.94,49.93,-0.01,down,"DH SINARMAS SEKURITAS, PT",
2026-09-11,2026-09-14,SPRE,"SORAYA BERJAYA INDONESIA Tbk, PT",MOCH ADHI PAMUNGKAS,L,INDONESIA,43947700,44043000,95300,0.22,5.49,5.51,0.02,up,"NI BNI SEKURITAS, PT",
2026-09-11,2026-09-14,SQMI,"WILTON MAKMUR INDONESIA Tbk, PT",CGS INTERNATIONAL SECURITIES SINGAPORE PTE LTD,A,SINGAPORE,2599122629,2600522629,1400000,0.05,16.73,16.74,0.01,up,YU PT CGS International Sekuritas Indonesia,
2026-09-11,2026-09-14,SRTG,"SARATOGA INVESTAMA SEDAYA Tbk, PT",EDWIN SOERYADJAYA,L,INDONESIA,4872231490,4872791490,560000,0.01,35.92,35.92,0.00,up,XL PT. STOCKBIT SEKURITAS DIGITAL,
2026-09-11,2026-09-14,SURI,"MAJA AGUNG LATEXINDO Tbk, PT",HANSEN JAP,L,INDONESIA,5463525700,5465266100,1740400,0.03,86.25,86.28,0.03,up,"CC MANDIRI SEKURITAS, PT",
2026-09-11,2026-09-14,TGUK,"PLATINUM WAHAB NUSANTARA Tbk, PT",ANTONY LESMANA,L,INDONESIA,266787600,266787600,0,0.00,7.47,7.47,0.00,shuffle,"NI BNI SEKURITAS, PT | MG PT SEMESTA INDOVEST SEKURITAS",
2026-09-11,2026-09-14,TOTL,"TOTAL BANGUN PERSADA Tbk, PT",DJADJANG TANUWIDJAJA,L,INDONESIA,376043240,376243240,200000,0.05,11.03,11.03,0.00,up,TP PT OCBC SEKURITAS INDONESIA,
2026-09-11,2026-09-14,TRST,"TRIAS SENTOSA Tbk, PT","PRIMA POLYCON INDAH, PT.",L,INDONESIA,163985060,164025060,40000,0.02,5.84,5.84,0.00,up,AZ PT SUCOR SEKURITAS,
2026-09-11,2026-09-14,TSPC,"TEMPO SCAN PACIFIC Tbk, PT",PT. BOGAMULIA NAGADI,L,INDONESIA,4107352618,4107742518,389900,0.01,91.07,91.08,0.01,up,TP PT OCBC SEKURITAS INDONESIA,
2026-09-11,2026-09-14,UNTR,"UNITED TRACTORS Tbk, PT",PT UNITED TRACTORS TBK,L,INDONESIA,290151100,290588900,437800,0.15,7.78,7.79,0.01,up,"BANK RAKYAT INDONESIA (PERSERO), PT",
2026-09-11,2026-09-14,UVCR,"TRIMEGAH KARYA PRATAMA Tbk, PT",DENNY TRICAHYA KUSUMA,L,INDONESIA,139466327,122790527,-16675800,-11.96,6.97,6.14,-0.83,down,CP PT KB VALBURY SEKURITAS,
2026-09-11,2026-09-14,YULE,"YULIE SEKURITAS INDONESIA Tbk, PT",Sabrina Evelyn Elian,L,INDONESIA,91916916,91886216,-30700,-0.03,5.15,5.15,0.00,down,RB PT INA SEKURITAS INDONESIA,
2026-09-14,2026-09-15,ABDA,"ASURANSI BINA DANA ARTA Tbk, PT",OONA INDONESIA PTE LTD,A,SINGAPORE,538611504,538614804,3300,0.00,86.76,86.76,0.00,up,"CC MANDIRI SEKURITAS, PT",
2026-09-14,2026-09-15,ARNA,"ARWANA CITRAMULIA Tbk, PT","PT ARWANA CITRAMULIA, Tbk",L,INDONESIA,380843200,381793200,950000,0.25,5.19,5.20,0.01,up,DR PT RHB SEKURITAS INDONESIA,
2026-09-14,2026-09-15,BDKR,"BERDIKARI PONDASI PERKASA Tbk, PT","HARUNA BINOSWARA JAYA, PT",L,INDONESIA,286081200,285772200,-309000,-0.11,6.05,6.05,0.00,down,CP PT KB VALBURY SEKURITAS,
2026-09-14,2026-09-15,BEEF,"ESTIKA TATA TIARA Tbk, PT",DIMAS WIBOWO,L,INDONESIA,691223342,692882742,1659400,0.24,8.51,8.53,0.02,up,SQ PT BCA SEKURITAS,
2026-09-14,2026-09-15,BSML,"BINTANG SAMUDERA MANDIRI LINES Tbk, PT",PT GOLDFIVE INVESTMENT CAPITAL,L,INDONESIA,672039365,675789365,3750000,0.56,36.32,36.52,0.20,up,FS PT YUANTA SEKURITAS INDONESIA,
2026-09-14,2026-09-15,BVIC,"BANK VICTORIA INTERNATIONAL Tbk, PT",Chemical Asia Corporation PTE. LTD.,A,SINGAPORE,1958234404,1887368000,-70866404,-3.62,10.63,10.25,-0.38,down,MI PT VICTORIA SEKURITAS INDONESIA,
2026-09-14,2026-09-15,CASH,"CASHLEZ WORLDWIDE INDONESIA Tbk, PT",ANDRI WIJONO SUTIONO,L,INDONESIA,943762501,944002201,239700,0.03,38.87,38.88,0.01,up,PD PT INDO PREMIER SEKURITAS,
2026-09-14,2026-09-15,DEWI,"DEWI SHRI FARMINDO Tbk, PT",SUJITO NGATIMAN,L,INDONESIA,152029100,151859600,-169500,-0.11,7.60,7.59,-0.01,down,XA PT NH KORINDO SEKURITAS INDONESIA,
2026-09-14,2026-09-15,ENRG,"ENERGI MEGA PERSADA Tbk, PT",CGS INTERNATIONAL SEKURITAS INDONESIA,L,INDONESIA,2000050269,2000010269,-40000,-0.00,7.53,7.53,0.00,down,YU PT CGS International Sekuritas Indonesia,
2026-09-14,2026-09-15,FILM,"MD ENTERTAINMENT Tbk, PT",MORGAN STANLEY AND CO INTERNATIONAL PLC,A,UNITED KINGDOM,1141701502,1141642302,-59200,-0.01,10.49,10.49,0.00,down,PT Bank HSBC Indonesia,
2026-09-14,2026-09-15,FORE,"FORE KOPI INDONESIA Tbk, PT",FERRY SUDJONO,L,INDONESIA,531638900,532980400,1341500,0.25,5.96,5.98,0.02,up,YU PT CGS International Sekuritas Indonesia | KI PT CIPTADANA SEKURITAS ASIA,
2026-09-14,2026-09-15,FUJI,"FUJI FINANCE INDONESIA Tbk, PT",PT CHARNIC CAPITAL TBK,L,INDONESIA,105224900,105245100,20200,0.02,8.09,8.10,0.01,up,PD PT INDO PREMIER SEKURITAS,
2026-09-14,2026-09-15,GPRA,"PERDANA GAPURAPRIMA Tbk, PT","ABADIMUKTI GUNALESTARI, PT",L,INDONESIA,1958569120,1944141320,-14427800,-0.74,45.80,45.46,-0.34,down,ZP PT MAYBANK SEKURITAS INDONESIA | XA PT NH KORINDO SEKURITAS INDONESIA,
2026-09-14,2026-09-15,GPRA,"PERDANA GAPURAPRIMA Tbk, PT",ADITYA ANTONIUS,L,INDONESIA,223813700,216746800,-7066900,-3.16,5.23,5.07,-0.16,down,"OD BRI DANAREKSA SEKURITAS, PT",
2026-09-14,2026-09-15,GPRA,"PERDANA GAPURAPRIMA Tbk, PT","KHARISMA ANDALAS PUTRA, PT",L,INDONESIA,220009634,215917034,-4092600,-1.86,5.14,5.05,-0.09,down,XA PT NH KORINDO SEKURITAS INDONESIA,
2026-09-14,2026-09-15,HEAL,"MEDIKALOKA HERMINA Tbk, PT",YULISAR K,L,INDONESIA,993800666,994110166,309500,0.03,6.47,6.47,0.00,up,"CC MANDIRI SEKURITAS, PT",
2026-09-14,2026-09-15,IMPC,"IMPACK PRATAMA INDUSTRI Tbk, PT",TUNGGAL JAYA INVESTAMA PT,L,INDONESIA,5177991694,5179441694,1450000,0.03,9.43,9.43,0.00,up,SQ PT BCA SEKURITAS,
2026-09-14,2026-09-15,INPS,"INDAH PRAKASA SENTOSA Tbk, PT",PT GRAHA INTI GUNA PERSADA,L,INDONESIA,498858000,497508000,-1350000,-0.27,76.75,76.54,-0.21,down,IC PT INTEGRITY CAPITAL SEKURITAS,
2026-09-14,2026-09-15,IPOL,"INDOPOLY SWAKARSA INDUSTRY Tbk, PT",PT. HOKI INVESTASI SEJATI,L,INDONESIA,333455600,333955600,500000,0.15,5.18,5.18,0.00,up,AF PT HARITA KENCANA SEKURITAS,
2026-09-14,2026-09-15,JECX,"NITRASANATA DHARMA Tbk, PT",SARANA MEDITAMA METROPOLITAN TBK PT,L,INDONESIA,1070100000,1070491000,391000,0.04,32.89,32.91,0.02,up,LG PT. TRIMEGAH SEKURITAS INDONESIA TBK,
2026-09-14,2026-09-15,KBLM,"KABELINDO MURNI Tbk, PT",PT ERDHIKA ELIT SEKURITAS,L,INDONESIA,73811600,73711600,-100000,-0.14,6.59,6.58,-0.01,down,"AO ERDIKHA ELIT, PT",
2026-09-14,2026-09-15,KDTN,"PURI SENTUL PERMAI Tbk, PT",PT PUTRASAKTI MANDIRI,L,INDONESIA,400700100,400700000,-100,-0.00,32.06,32.06,0.00,down,YU PT CGS International Sekuritas Indonesia,
2026-09-14,2026-09-15,KETR,"KETROSDEN TRIASMITRA, PT",PT FAJAR SEJAHTERA MANDIRI NUSANTARA,L,INDONESIA,1606165931,1557864674,-48301257,-3.01,56.53,54.83,-1.70,down,AH PT Shinhan Sekuritas Indonesia,
2026-09-14,2026-09-15,KOPI,"MITRA ENERGI PERSADA Tbk, PT",PT. GLOBAL PERKASA INVESTINDO,L,INDONESIA,48631800,48231800,-400000,-0.82,6.97,6.92,-0.05,down,"GR PANIN SEKURITAS Tbk, PT",
2026-09-14,2026-09-15,LOPI,"LOGISTICSPLUS INTERNATIONAL Tbk, PT",TJEUW HERYANTO,L,,69720800,71470800,1750000,2.51,6.34,6.50,0.16,up,SQ PT BCA SEKURITAS,
2026-09-14,2026-09-15,LPLI,"STAR PACIFIC Tbk, PT",HX TRADING LIMITED,A,"VIRGIN ISLANDS, BRITISH",206947367,206765967,-181400,-0.09,17.68,17.67,-0.01,down,IU PT INDO CAPITAL SEKURITAS,
2026-09-14,2026-09-15,MAPI,"MITRA ADIPERKASA Tbk, PT",SAMUDRA (INVESTMENT) PTE.LTD,A,SINGAPORE,4980000000,4981750500,1750500,0.04,30.00,30.01,0.01,up,PD PT INDO PREMIER SEKURITAS,
2026-09-14,2026-09-15,MAYA,"BANK MAYAPADA INTERNASIONAL Tbk, PT",BRILLIANT BAZAAR PTE LTD,A,SINGAPORE,1334344855,0,-1334344855,-100.00,5.10,0.00,-5.10,out,ID PT Anugerah Sekuritas Indonesia,
2026-09-14,2026-09-15,MDIY,"DAYA INTIGUNA YASA Tbk, PT",MDIH (SINGAPORE) PTE. LTD.,A,SINGAPORE,8962644300,8962744300,100000,0.00,35.58,35.58,0.00,up,BUT. STANDARD CHARTERED BANK,
2026-09-14,2026-09-15,MDIY,"DAYA INTIGUNA YASA Tbk, PT",TAN YU WEI,A,MALAYSIA,1434368500,1434428500,60000,0.00,5.69,5.69,0.00,up,BUT. STANDARD CHARTERED BANK,
2026-09-14,2026-09-15,MGLV,"NEXAI DIGITAL INFRASTRUKTUR Tbk, PT",NEXTIER DATAMATE CENTER PT,L,INDONESIA,1240000000,1201500000,-38500000,-3.10,65.10,63.07,-2.03,down,LG PT. TRIMEGAH SEKURITAS INDONESIA TBK,
2026-09-14,2026-09-15,MMIX,"MULTI MEDIKA INTERNASIONAL Tbk, PT",PT MULTI INTI USAHA,L,INDONESIA,2728034100,2733625800,5591700,0.20,56.83,56.95,0.12,up,AG PT KIWOOM SEKURITAS INDONESIA | ZP PT MAYBANK SEKURITAS INDONESIA | YB PT Yakin Bertumbuh Sekuritas | LG PT. TRIMEGAH SEKURITAS INDONESIA TBK,
2026-09-14,2026-09-15,NINE,"TECHNO9 INDONESIA Tbk, PT",POH HOLDINGS PTE LTD,A,SINGAPORE,773352631,773352631,0,0.00,35.85,35.85,0.00,shuffle,YU PT CGS International Sekuritas Indonesia | KI PT CIPTADANA SEKURITAS ASIA,
2026-09-14,2026-09-15,PRDA,"PRODIA WIDYAHUSADA Tbk, PT",PT PRODIA WIDYAHUSADA TBK,L,INDONESIA,57190300,57533900,343600,0.60,6.10,6.14,0.04,up,PT BANK DBS INDONESIA,
2026-09-14,2026-09-15,SIMA,"SIWANI MAKMUR Tbk, PT","BANK DANAMON INDONESIA Tbk, PT - REGISTRAR",L,INDONESIA,23040614,23018898,-21716,-0.09,5.21,5.20,-0.01,down,"BANK DANAMON INDONESIA Tbk, PT",
2026-09-14,2026-09-15,SMLE,"SINERGI MULTI LESTARINDO Tbk, PT",SINERGI ASIA CORPORINDO PT,L,INDONESIA,1320720200,1318320200,-2400000,-0.18,56.73,56.63,-0.10,down,BR PT TRUST SEKURITAS,
2026-09-14,2026-09-15,SMMA,"SINAR MAS MULTIARTHA Tbk, PT",SINAR MAS CAKRAWALA,L,INDONESIA,3179544452,3177344116,-2200336,-0.07,49.93,49.90,-0.03,down,"DH SINARMAS SEKURITAS, PT",
2026-09-14,2026-09-15,SPRE,"SORAYA BERJAYA INDONESIA Tbk, PT",MOCH ADHI PAMUNGKAS,L,INDONESIA,44043000,44160200,117200,0.27,5.51,5.52,0.01,up,"NI BNI SEKURITAS, PT",
2026-09-14,2026-09-15,SRTG,"SARATOGA INVESTAMA SEDAYA Tbk, PT",EDWIN SOERYADJAYA,L,INDONESIA,4872791490,4873249590,458100,0.01,35.92,35.93,0.01,up,XL PT. STOCKBIT SEKURITAS DIGITAL,
2026-09-14,2026-09-15,SURI,"MAJA AGUNG LATEXINDO Tbk, PT",HANSEN JAP,L,INDONESIA,5465266100,5465363600,97500,0.00,86.28,86.28,0.00,up,"CC MANDIRI SEKURITAS, PT",
2026-09-14,2026-09-15,TRST,"TRIAS SENTOSA Tbk, PT","PRIMA POLYCON INDAH, PT.",L,INDONESIA,164025060,164065060,40000,0.02,5.84,5.84,0.00,up,AZ PT SUCOR SEKURITAS,
2026-09-14,2026-09-15,TSPC,"TEMPO SCAN PACIFIC Tbk, PT",PT. BOGAMULIA NAGADI,L,INDONESIA,4107742518,4108700418,957900,0.02,91.08,91.10,0.02,up,TP PT OCBC SEKURITAS INDONESIA,
2026-09-14,2026-09-15,UNTR,"UNITED TRACTORS Tbk, PT",PT UNITED TRACTORS TBK,L,INDONESIA,290588900,291007600,418700,0.14,7.79,7.80,0.01,up,"BANK RAKYAT INDONESIA (PERSERO), PT",
2026-09-14,2026-09-15,UVCR,"TRIMEGAH KARYA PRATAMA Tbk, PT",DENNY TRICAHYA KUSUMA,L,INDONESIA,122790527,102490527,-20300000,-16.53,6.14,5.12,-1.02,down,CP PT KB VALBURY SEKURITAS,
2026-09-14,2026-09-15,VICI,"VICTORIA CARE INDONESIA Tbk, PT",PT SUKSES SEJATI SEJAHTERA,L,INDONESIA,5698380000,5698380000,0,0.00,84.95,84.95,0.00,shuffle,"NI BNI SEKURITAS, PT | BUT. STANDARD CHARTERED BANK",
2026-09-15,2026-09-16,ABDA,"ASURANSI BINA DANA ARTA Tbk, PT",OONA INDONESIA PTE LTD,A,SINGAPORE,538614804,538616004,1200,0.00,86.76,86.76,0.00,up,"CC MANDIRI SEKURITAS, PT",
2026-09-15,2026-09-16,AMOR,"ASHMORE ASSET MANAGEMENT INDONESIA Tbk, PT",RONALDUS GANDAHUSADA,L,INDONESIA,0,140000000,140000000,,0.00,6.30,6.30,in,"CC MANDIRI SEKURITAS, PT",RONALDUS GANDAHUSADA IR
2026-09-15,2026-09-16,AMOR,"ASHMORE ASSET MANAGEMENT INDONESIA Tbk, PT",RONALDUS GANDAHUSADA IR,L,INDONESIA,140000000,0,-140000000,-100.00,6.30,0.00,-6.30,out,"CC MANDIRI SEKURITAS, PT",RONALDUS GANDAHUSADA
2026-09-15,2026-09-16,ARNA,"ARWANA CITRAMULIA Tbk, PT","PT ARWANA CITRAMULIA, Tbk",L,INDONESIA,381793200,382601800,808600,0.21,5.20,5.21,0.01,up,DR PT RHB SEKURITAS INDONESIA,
2026-09-15,2026-09-16,BEEF,"ESTIKA TATA TIARA Tbk, PT",DIMAS WIBOWO,L,INDONESIA,692882742,693382742,500000,0.07,8.53,8.54,0.01,up,SQ PT BCA SEKURITAS,
2026-09-15,2026-09-16,BGTG,"BANK GANESHA Tbk, PT",UOB KAY HIAN PTE LTD,A,SINGAPORE,1388305300,0,-1388305300,-100.00,5.79,0.00,-5.79,out,AI PT KAY HIAN SEKURITAS,UOB KAY HIAN PRIVATE
2026-09-15,2026-09-16,BGTG,"BANK GANESHA Tbk, PT",UOB KAY HIAN PRIVATE LIMITED,A,SINGAPORE,0,1388305300,1388305300,,0.00,5.79,5.79,in,AI PT KAY HIAN SEKURITAS,UOB KAY HIAN
2026-09-15,2026-09-16,BINA,BANK INA PERDANA Tbk. PT,UOB KAY HIAN PTE LTD,A,SINGAPORE,1034416550,0,-1034416550,-100.00,16.86,0.00,-16.86,out,AI PT KAY HIAN SEKURITAS,UOB KAY HIAN PRIVATE
2026-09-15,2026-09-16,BINA,BANK INA PERDANA Tbk. PT,UOB KAY HIAN PRIVATE LIMITED,A,SINGAPORE,0,1034416550,1034416550,,0.00,16.86,16.86,in,AI PT KAY HIAN SEKURITAS,UOB KAY HIAN
2026-09-15,2026-09-16,BNBR,"BAKRIE & BROTHERS Tbk, PT",PT BAKRIE CAPITAL INDONESIA,L,INDONESIA,66650370266,66650370266,0,0.00,25.31,25.31,0.00,shuffle,"NI BNI SEKURITAS, PT | CP PT KB VALBURY SEKURITAS",
2026-09-15,2026-09-16,BSML,"BINTANG SAMUDERA MANDIRI LINES Tbk, PT",PT GOLDFIVE INVESTMENT CAPITAL,L,INDONESIA,675789365,673789365,-2000000,-0.30,36.52,36.42,-0.10,down,CP PT KB VALBURY SEKURITAS,
2026-09-15,2026-09-16,BSML,"BINTANG SAMUDERA MANDIRI LINES Tbk, PT","SANCA GRIYA MODALINDO, PT",L,INDONESIA,98719000,92719000,-6000000,-6.08,5.34,5.01,-0.33,down,CP PT KB VALBURY SEKURITAS,
2026-09-15,2026-09-16,BUDI,BUDI STARCH & SWEETENER Tbk,UOB KAY HIAN PTE LTD,A,SINGAPORE,346762698,0,-346762698,-100.00,7.71,0.00,-7.71,out,AI PT KAY HIAN SEKURITAS,UOB KAY HIAN PRIVATE
2026-09-15,2026-09-16,BUDI,BUDI STARCH & SWEETENER Tbk,UOB KAY HIAN PRIVATE LIMITED,A,SINGAPORE,0,346762698,346762698,,0.00,7.71,7.71,in,AI PT KAY HIAN SEKURITAS,UOB KAY HIAN
2026-09-15,2026-09-16,BVIC,"BANK VICTORIA INTERNATIONAL Tbk, PT",Chemical Asia Corporation PTE. LTD.,A,SINGAPORE,1887368000,1621200000,-266168000,-14.10,10.25,8.80,-1.45,down,MI PT VICTORIA SEKURITAS INDONESIA,
2026-09-15,2026-09-16,BYAN,BAYAN RESOURCES Tbk,ELAINE LOW,A,SINGAPORE,7333333700,7333833700,500000,0.01,22.00,22.00,0.00,up,BUT DEUTSCHE BANK AG,
2026-09-15,2026-09-16,CTTH,"CITATAH Tbk, PT",UOB KAY HIAN PTE LTD,A,SINGAPORE,115735348,0,-115735348,-100.00,9.40,0.00,-9.40,out,AI PT KAY HIAN SEKURITAS,UOB KAY HIAN PRIVATE
2026-09-15,2026-09-16,CTTH,"CITATAH Tbk, PT",UOB KAY HIAN PRIVATE LIMITED,A,SINGAPORE,0,115735348,115735348,,0.00,9.40,9.40,in,AI PT KAY HIAN SEKURITAS,UOB KAY HIAN
2026-09-15,2026-09-16,DATA,"REMALA ABADI Tbk, PT",VERAH WAHYUDI S. WONG,L,INDONESIA,400051700,0,-400051700,-100.00,29.09,0.00,-29.09,out,"AO ERDIKHA ELIT, PT | HP PT HENAN PUTIHRAI SEKURITAS | AZ PT SUCOR SEKURITAS",VERAH WAHYUDI SINGGIH WONG
2026-09-15,2026-09-16,DATA,"REMALA ABADI Tbk, PT",VERAH WAHYUDI SINGGIH WONG,L,INDONESIA,0,400051700,400051700,,0.00,29.09,29.09,in,"AO ERDIKHA ELIT, PT | HP PT HENAN PUTIHRAI SEKURITAS | AZ PT SUCOR SEKURITAS",VERAH WAHYUDI S WONG
2026-09-15,2026-09-16,DEFI,"DANASUPRA ERAPACIFIC Tbk, PT",TATANG TARYANA,L,INDONESIA,39692700,40607300,914600,2.30,5.78,5.91,0.13,up,XL PT. STOCKBIT SEKURITAS DIGITAL,
2026-09-15,2026-09-16,DEWI,"DEWI SHRI FARMINDO Tbk, PT",SUJITO NGATIMAN,L,INDONESIA,151859600,164768200,12908600,8.50,7.59,8.24,0.65,up,XA PT NH KORINDO SEKURITAS INDONESIA,
2026-09-15,2026-09-16,ENRG,"ENERGI MEGA PERSADA Tbk, PT",PT MAYBANK SEKURITAS INDONESIA - REGISTRAR,L,INDONESIA,2255810700,2255848500,37800,0.00,8.49,8.49,0.00,up,ZP PT MAYBANK SEKURITAS INDONESIA,
2026-09-15,2026-09-16,ENRG,"ENERGI MEGA PERSADA Tbk, PT",PT SHIMA GLOBAL KAPITAL,L,INDONESIA,4661422413,4661422413,0,0.00,17.55,17.55,0.00,shuffle,CP PT KB VALBURY SEKURITAS | DR PT RHB SEKURITAS INDONESIA,
2026-09-15,2026-09-16,EXCL,"XLSMART TELECOM SEJAHTERA Tbk, PT",UOB KAY HIAN PTE LTD,A,SINGAPORE,989168878,0,-989168878,-100.00,5.44,0.00,-5.44,out,AI PT KAY HIAN SEKURITAS | SS PT SUPRA SEKURITAS INDONESIA,UOB KAY HIAN PRIVATE
2026-09-15,2026-09-16,EXCL,"XLSMART TELECOM SEJAHTERA Tbk, PT",UOB KAY HIAN PRIVATE LIMITED,A,SINGAPORE,0,989168878,989168878,,0.00,5.44,5.44,in,AI PT KAY HIAN SEKURITAS | SS PT SUPRA SEKURITAS INDONESIA,UOB KAY HIAN
2026-09-15,2026-09-16,FILM,"MD ENTERTAINMENT Tbk, PT",MORGAN STANLEY AND CO INTERNATIONAL PLC,A,UNITED KINGDOM,1141642302,1140404802,-1237500,-0.11,10.49,10.47,-0.02,down,PT Bank HSBC Indonesia,
2026-09-15,2026-09-16,FINN,"FIRST INDO AMERICAN LEASING Tbk, PT",UOB KAY HIAN PTE LTD,A,SINGAPORE,215000000,0,-215000000,-100.00,9.82,0.00,-9.82,out,AI PT KAY HIAN SEKURITAS,UOB KAY HIAN PRIVATE
2026-09-15,2026-09-16,FINN,"FIRST INDO AMERICAN LEASING Tbk, PT",UOB KAY HIAN PRIVATE LIMITED,A,SINGAPORE,0,215000000,215000000,,0.00,9.82,9.82,in,AI PT KAY HIAN SEKURITAS,UOB KAY HIAN
2026-09-15,2026-09-16,FORE,"FORE KOPI INDONESIA Tbk, PT",FERRY SUDJONO,L,INDONESIA,532980400,535195900,2215500,0.42,5.98,6.00,0.02,up,YU PT CGS International Sekuritas Indonesia | KI PT CIPTADANA SEKURITAS ASIA,
2026-09-15,2026-09-16,FUJI,"FUJI FINANCE INDONESIA Tbk, PT",JEFRI NEDI,L,INDONESIA,110604400,110898100,293700,0.27,8.51,8.53,0.02,up,CP PT KB VALBURY SEKURITAS,
2026-09-15,2026-09-16,GPRA,"PERDANA GAPURAPRIMA Tbk, PT","ABADIMUKTI GUNALESTARI, PT",L,INDONESIA,1944141320,1941924420,-2216900,-0.11,45.46,45.41,-0.05,down,ZP PT MAYBANK SEKURITAS INDONESIA | XA PT NH KORINDO SEKURITAS INDONESIA,
2026-09-15,2026-09-16,GPRA,"PERDANA GAPURAPRIMA Tbk, PT",ADITYA ANTONIUS,L,INDONESIA,216746800,217796100,1049300,0.48,5.07,5.09,0.02,up,"OD BRI DANAREKSA SEKURITAS, PT",
2026-09-15,2026-09-16,GPRA,"PERDANA GAPURAPRIMA Tbk, PT","KHARISMA ANDALAS PUTRA, PT",L,INDONESIA,215917034,0,-215917034,-100.00,5.05,0.00,-5.05,out,YP PT MIRAE ASSET SEKURITAS INDONESIA | XA PT NH KORINDO SEKURITAS INDONESIA,
2026-09-15,2026-09-16,HEAL,"MEDIKALOKA HERMINA Tbk, PT",YULISAR K,L,INDONESIA,994110166,994961466,851300,0.09,6.47,6.48,0.01,up,"CC MANDIRI SEKURITAS, PT",
2026-09-15,2026-09-16,IMPC,"IMPACK PRATAMA INDUSTRI Tbk, PT",TUNGGAL JAYA INVESTAMA PT,L,INDONESIA,5179441694,5182627194,3185500,0.06,9.43,9.44,0.01,up,SQ PT BCA SEKURITAS | BB PT VERDHANA SEKURITAS INDONESIA,
2026-09-15,2026-09-16,INPS,"INDAH PRAKASA SENTOSA Tbk, PT",ANDRY HAKIM,L,INDONESIA,0,65000000,65000000,,0.00,10.00,10.00,in,LG PT. TRIMEGAH SEKURITAS INDONESIA TBK,
2026-09-15,2026-09-16,INPS,"INDAH PRAKASA SENTOSA Tbk, PT",PT GRAHA INTI GUNA PERSADA,L,INDONESIA,497508000,430208000,-67300000,-13.53,76.54,66.19,-10.35,down,IC PT INTEGRITY CAPITAL SEKURITAS,
2026-09-15,2026-09-16,IPOL,"INDOPOLY SWAKARSA INDUSTRY Tbk, PT",PT. HOKI INVESTASI SEJATI,L,INDONESIA,333955600,333989400,33800,0.01,5.18,5.18,0.00,up,AF PT HARITA KENCANA SEKURITAS,
2026-09-15,2026-09-16,JAST,"JASNITA TELEKOMINDO Tbk, PT",UOB KAY HIAN PTE LTD,A,SINGAPORE,327005986,0,-327005986,-100.00,30.21,0.00,-30.21,out,AI PT KAY HIAN SEKURITAS,UOB KAY HIAN PRIVATE
2026-09-15,2026-09-16,JAST,"JASNITA TELEKOMINDO Tbk, PT",UOB KAY HIAN PRIVATE LIMITED,A,SINGAPORE,0,327005986,327005986,,0.00,30.21,30.21,in,AI PT KAY HIAN SEKURITAS,UOB KAY HIAN
2026-09-15,2026-09-16,JECX,"NITRASANATA DHARMA Tbk, PT",SARANA MEDITAMA METROPOLITAN TBK PT,L,INDONESIA,1070491000,1070813000,322000,0.03,32.91,32.92,0.01,up,LG PT. TRIMEGAH SEKURITAS INDONESIA TBK,
2026-09-15,2026-09-16,KBAG,"KARYA BERSAMA ANUGERAH Tbk, PT",SALIM LIM,L,INDONESIA,739535200,739635200,100000,0.01,10.34,10.34,0.00,up,"NI BNI SEKURITAS, PT",
2026-09-15,2026-09-16,LOPI,"LOGISTICSPLUS INTERNATIONAL Tbk, PT",TJEUW HERYANTO,L,,71470800,69097500,-2373300,-3.32,6.50,6.28,-0.22,down,SQ PT BCA SEKURITAS,
2026-09-15,2026-09-16,MAPI,"MITRA ADIPERKASA Tbk, PT",SAMUDRA (INVESTMENT) PTE.LTD,A,SINGAPORE,4981750500,4984057800,2307300,0.05,30.01,30.02,0.01,up,PD PT INDO PREMIER SEKURITAS,
2026-09-15,2026-09-16,MCOR,"BANK CHINA CONSTRUCTION BANK INDONESIA Tbk, PT",UOB KAY HIAN PTE LTD,A,SINGAPORE,3112832456,0,-3112832456,-100.00,8.21,0.00,-8.21,out,AI PT KAY HIAN SEKURITAS,UOB KAY HIAN PRIVATE
2026-09-15,2026-09-16,MCOR,"BANK CHINA CONSTRUCTION BANK INDONESIA Tbk, PT",UOB KAY HIAN PRIVATE LIMITED,A,SINGAPORE,0,3112832456,3112832456,,0.00,8.21,8.21,in,AI PT KAY HIAN SEKURITAS,UOB KAY HIAN
2026-09-15,2026-09-16,MDIY,"DAYA INTIGUNA YASA Tbk, PT",MDIH (SINGAPORE) PTE. LTD.,A,SINGAPORE,8962744300,8962944300,200000,0.00,35.58,35.58,0.00,up,BUT. STANDARD CHARTERED BANK,
2026-09-15,2026-09-16,MDIY,"DAYA INTIGUNA YASA Tbk, PT",TAN YU WEI,A,MALAYSIA,1434428500,1434488500,60000,0.00,5.69,5.69,0.00,up,BUT. STANDARD CHARTERED BANK,
2026-09-15,2026-09-16,MMIX,"MULTI MEDIKA INTERNASIONAL Tbk, PT",PT MULTI INTI USAHA,L,INDONESIA,2733625800,2745282200,11656400,0.43,56.95,57.19,0.24,up,AG PT KIWOOM SEKURITAS INDONESIA | ZP PT MAYBANK SEKURITAS INDONESIA | YB PT Yakin Bertumbuh Sekuritas,
2026-09-15,2026-09-16,NASI,"WAHANA INTI MAKMUR Tbk, PT",HARTARTO CIPUTRA,L,INDONESIA,47385200,45100000,-2285200,-4.82,5.87,5.59,-0.28,down,PG PT PANCA GLOBAL SEKURITAS,
2026-09-15,2026-09-16,NSSS,"NUSANTARA SAWIT SEJAHTERA Tbk, PT",PT NUSANTARA MAKMUR LESTARI,L,INDONESIA,2251364500,2251304500,-60000,-0.00,9.46,9.46,0.00,down,"GR PANIN SEKURITAS Tbk, PT",
2026-09-15,2026-09-16,PRDA,"PRODIA WIDYAHUSADA Tbk, PT",PT PRODIA WIDYAHUSADA TBK,L,INDONESIA,57533900,57882300,348400,0.61,6.14,6.17,0.03,up,PT BANK DBS INDONESIA,
2026-09-15,2026-09-16,RLCO,"ABADI LESTARI INDONESIA Tbk, PT",PT. SAMUEL TUMBUH BERSAMA,L,INDONESIA,0,232000000,232000000,,0.00,7.42,7.42,in,"IF SAMUEL SEKURITAS INDONESIA, PT",
2026-09-15,2026-09-16,SMLE,"SINERGI MULTI LESTARINDO Tbk, PT",SINERGI ASIA CORPORINDO PT,L,INDONESIA,1318320200,1316055200,-2265000,-0.17,56.63,56.53,-0.10,down,BR PT TRUST SEKURITAS,
2026-09-15,2026-09-16,SMMA,"SINAR MAS MULTIARTHA Tbk, PT",SINAR MAS CAKRAWALA,L,INDONESIA,3177344116,3175873721,-1470395,-0.05,49.90,49.88,-0.02,down,"DH SINARMAS SEKURITAS, PT",
2026-09-15,2026-09-16,SOHO,"SOHO GLOBAL HEALTH Tbk, PT",UOB KAY HIAN PTE LTD,A,SINGAPORE,5080564070,0,-5080564070,-100.00,40.03,0.00,-40.03,out,AI PT KAY HIAN SEKURITAS,UOB KAY HIAN PRIVATE
2026-09-15,2026-09-16,SOHO,"SOHO GLOBAL HEALTH Tbk, PT",UOB KAY HIAN PRIVATE LIMITED,A,SINGAPORE,0,5080564070,5080564070,,0.00,40.03,40.03,in,AI PT KAY HIAN SEKURITAS,UOB KAY HIAN
2026-09-15,2026-09-16,SPRE,"SORAYA BERJAYA INDONESIA Tbk, PT",MOCH ADHI PAMUNGKAS,L,INDONESIA,44160200,44161300,1100,0.00,5.52,5.52,0.00,up,"NI BNI SEKURITAS, PT",
2026-09-15,2026-09-16,SRTG,"SARATOGA INVESTAMA SEDAYA Tbk, PT",EDWIN SOERYADJAYA,L,INDONESIA,4873249590,4874269190,1019600,0.02,35.93,35.93,0.00,up,XL PT. STOCKBIT SEKURITAS DIGITAL,
2026-09-15,2026-09-16,SURI,"MAJA AGUNG LATEXINDO Tbk, PT",HANSEN JAP,L,INDONESIA,5465363600,5467764300,2400700,0.04,86.28,86.32,0.04,up,"CC MANDIRI SEKURITAS, PT",
2026-09-15,2026-09-16,TAMA,"LANCARTAMA SEJATI Tbk, PT",VERAH WAHYUDI S. WONG,L,INDONESIA,120767300,0,-120767300,-100.00,10.06,0.00,-10.06,out,"AO ERDIKHA ELIT, PT",VERAH WAHYUDI SINGGIH WONG
2026-09-15,2026-09-16,TAMA,"LANCARTAMA SEJATI Tbk, PT",VERAH WAHYUDI SINGGIH WONG,L,INDONESIA,0,120767300,120767300,,0.00,10.06,10.06,in,"AO ERDIKHA ELIT, PT",VERAH WAHYUDI S WONG
2026-09-15,2026-09-16,TRIO,PT TRIKOMSEL OKE TBK,UOB KAY HIAN PTE LTD,A,SINGAPORE,3372249347,0,-3372249347,-100.00,12.97,0.00,-12.97,out,AI PT KAY HIAN SEKURITAS,UOB KAY HIAN PRIVATE
2026-09-15,2026-09-16,TRIO,PT TRIKOMSEL OKE TBK,UOB KAY HIAN PRIVATE LIMITED,A,SINGAPORE,0,3372249347,3372249347,,0.00,12.97,12.97,in,AI PT KAY HIAN SEKURITAS,UOB KAY HIAN
2026-09-15,2026-09-16,TRST,"TRIAS SENTOSA Tbk, PT","PRIMA POLYCON INDAH, PT.",L,INDONESIA,164065060,164105060,40000,0.02,5.84,5.84,0.00,up,AZ PT SUCOR SEKURITAS,
2026-09-15,2026-09-16,TSPC,"TEMPO SCAN PACIFIC Tbk, PT",PT. BOGAMULIA NAGADI,L,INDONESIA,4108700418,4109342718,642300,0.02,91.10,91.12,0.02,up,TP PT OCBC SEKURITAS INDONESIA,
2026-09-15,2026-09-16,TUGU,"ASURANSI TUGU PRATAMA INDONESIA Tbk, PT",UOB KAY HIAN PTE LTD,A,SINGAPORE,563200000,0,-563200000,-100.00,15.84,0.00,-15.84,out,AI PT KAY HIAN SEKURITAS,UOB KAY HIAN PRIVATE
2026-09-15,2026-09-16,TUGU,"ASURANSI TUGU PRATAMA INDONESIA Tbk, PT",UOB KAY HIAN PRIVATE LIMITED,A,SINGAPORE,0,563200000,563200000,,0.00,15.84,15.84,in,AI PT KAY HIAN SEKURITAS,UOB KAY HIAN
2026-09-15,2026-09-16,UNTR,"UNITED TRACTORS Tbk, PT",PT UNITED TRACTORS TBK,L,INDONESIA,291007600,291404000,396400,0.14,7.80,7.81,0.01,up,"BANK RAKYAT INDONESIA (PERSERO), PT",
2026-09-15,2026-09-16,UVCR,"TRIMEGAH KARYA PRATAMA Tbk, PT",DENNY TRICAHYA KUSUMA,L,INDONESIA,102490527,100136527,-2354000,-2.30,5.12,5.01,-0.11,down,CP PT KB VALBURY SEKURITAS | XL PT. STOCKBIT SEKURITAS DIGITAL,
2026-09-15,2026-09-16,WINE,"HATTEN BALI Tbk, PT",UOB KAY HIAN PTE LTD,A,SINGAPORE,196386000,0,-196386000,-100.00,7.25,0.00,-7.25,out,AI PT KAY HIAN SEKURITAS,UOB KAY HIAN PRIVATE
2026-09-15,2026-09-16,WINE,"HATTEN BALI Tbk, PT",UOB KAY HIAN PRIVATE LIMITED,A,SINGAPORE,0,196386000,196386000,,0.00,7.25,7.25,in,AI PT KAY HIAN SEKURITAS,UOB KAY HIAN
2026-09-15,2026-09-16,YULE,"YULIE SEKURITAS INDONESIA Tbk, PT",Sabrina Evelyn Elian,L,INDONESIA,91886216,91877416,-8800,-0.01,5.15,5.15,0.00,down,RB PT INA SEKURITAS INDONESIA,
2026-09-16,2026-09-17,ABDA,"ASURANSI BINA DANA ARTA Tbk, PT",OONA INDONESIA PTE LTD,A,SINGAPORE,538616004,538619804,3800,0.00,86.76,86.76,0.00,up,"CC MANDIRI SEKURITAS, PT",
2026-09-16,2026-09-17,ARNA,"ARWANA CITRAMULIA Tbk, PT","PT ARWANA CITRAMULIA, Tbk",L,INDONESIA,382601800,383467800,866000,0.23,5.21,5.22,0.01,up,DR PT RHB SEKURITAS INDONESIA,
2026-09-16,2026-09-17,BDKR,"BERDIKARI PONDASI PERKASA Tbk, PT","HARUNA BINOSWARA JAYA, PT",L,INDONESIA,285772200,285699500,-72700,-0.03,6.05,6.05,0.00,down,CP PT KB VALBURY SEKURITAS,
2026-09-16,2026-09-17,BEEF,"ESTIKA TATA TIARA Tbk, PT",DIMAS WIBOWO,L,INDONESIA,693382742,694059042,676300,0.10,8.54,8.55,0.01,up,SQ PT BCA SEKURITAS,
2026-09-16,2026-09-17,BKSL,"SENTUL CITY Tbk, PT",PT SAMUEL SEKURITAS INDONESIA,L,INDONESIA,8989961754,11766798654,2776836900,30.89,5.36,7.02,1.66,up,"IF SAMUEL SEKURITAS INDONESIA, PT",
2026-09-16,2026-09-17,BSML,"BINTANG SAMUDERA MANDIRI LINES Tbk, PT","SANCA GRIYA MODALINDO, PT",L,INDONESIA,92719000,99719000,7000000,7.55,5.01,5.39,0.38,up,CP PT KB VALBURY SEKURITAS,
2026-09-16,2026-09-17,CBRE,"CAKRA BUANA RESOURCES ENERGI Tbk, PT",PT. OMUDAS INVESTMENT HOLDCO,L,INDONESIA,2774000000,2774000000,0,0.00,61.13,61.13,0.00,shuffle,YU PT CGS International Sekuritas Indonesia | DR PT RHB SEKURITAS INDONESIA,
2026-09-16,2026-09-17,CEKA,"WILMAR CAHAYA INDONESIA Tbk, PT","SENTRATAMA NIAGA INDONESIA, PT",L,INDONESIA,511684000,511674000,-10000,-0.00,86.00,86.00,0.00,down,PG PT PANCA GLOBAL SEKURITAS,
2026-09-16,2026-09-17,DEFI,"DANASUPRA ERAPACIFIC Tbk, PT",PT QUANTUM CLOVERA INVESTAMA TBK,L,INDONESIA,40000000,0,-40000000,-100.00,5.82,0.00,-5.82,out,YP PT MIRAE ASSET SEKURITAS INDONESIA,
2026-09-16,2026-09-17,DEFI,"DANASUPRA ERAPACIFIC Tbk, PT",TATANG TARYANA,L,INDONESIA,40607300,37641200,-2966100,-7.30,5.91,5.48,-0.43,down,"CC MANDIRI SEKURITAS, PT | XC PT AJAIB SEKURITAS ASIA",
2026-09-16,2026-09-17,DEWI,"DEWI SHRI FARMINDO Tbk, PT",SUJITO NGATIMAN,L,INDONESIA,164768200,164817300,49100,0.03,8.24,8.24,0.00,up,XA PT NH KORINDO SEKURITAS INDONESIA,
2026-09-16,2026-09-17,DGIK,"NUSA KONSTRUKSI ENJINIRING Tbk, PT",OCBC SECURITIES PRIVATE LIMITED,A,SINGAPORE,536728200,536708200,-20000,-0.00,9.69,9.69,0.00,down,"CITIBANK, N. A",
2026-09-16,2026-09-17,GPRA,"PERDANA GAPURAPRIMA Tbk, PT","ABADIMUKTI GUNALESTARI, PT",L,INDONESIA,1941924420,1941924520,100,0.00,45.41,45.41,0.00,up,XA PT NH KORINDO SEKURITAS INDONESIA,
2026-09-16,2026-09-17,GPRA,"PERDANA GAPURAPRIMA Tbk, PT",ADITYA ANTONIUS,L,INDONESIA,217796100,216571100,-1225000,-0.56,5.09,5.06,-0.03,down,"OD BRI DANAREKSA SEKURITAS, PT",
2026-09-16,2026-09-17,IMPC,"IMPACK PRATAMA INDUSTRI Tbk, PT",TUNGGAL JAYA INVESTAMA PT,L,INDONESIA,5182627194,5185777194,3150000,0.06,9.44,9.44,0.00,up,SQ PT BCA SEKURITAS,
2026-09-16,2026-09-17,INPS,"INDAH PRAKASA SENTOSA Tbk, PT",ANDRY HAKIM,L,INDONESIA,65000000,65132000,132000,0.20,10.00,10.02,0.02,up,XL PT. STOCKBIT SEKURITAS DIGITAL,
2026-09-16,2026-09-17,INPS,"INDAH PRAKASA SENTOSA Tbk, PT",PT GRAHA INTI GUNA PERSADA,L,INDONESIA,430208000,428058000,-2150000,-0.50,66.19,65.86,-0.33,down,IC PT INTEGRITY CAPITAL SEKURITAS,
2026-09-16,2026-09-17,IPOL,"INDOPOLY SWAKARSA INDUSTRY Tbk, PT",PT. HOKI INVESTASI SEJATI,L,INDONESIA,333989400,334480000,490600,0.15,5.18,5.19,0.01,up,AF PT HARITA KENCANA SEKURITAS,
2026-09-16,2026-09-17,JECX,"NITRASANATA DHARMA Tbk, PT",MAGNA SELARAS LESTARI PT,L,INDONESIA,297155097,297176797,21700,0.01,9.13,9.13,0.00,up,LG PT. TRIMEGAH SEKURITAS INDONESIA TBK,
2026-09-16,2026-09-17,JECX,"NITRASANATA DHARMA Tbk, PT",SARANA MEDITAMA METROPOLITAN TBK PT,L,INDONESIA,1070813000,1071466000,653000,0.06,32.92,32.94,0.02,up,LG PT. TRIMEGAH SEKURITAS INDONESIA TBK,
2026-09-16,2026-09-17,KBAG,"KARYA BERSAMA ANUGERAH Tbk, PT",SALIM LIM,L,INDONESIA,739635200,740335200,700000,0.09,10.34,10.35,0.01,up,"NI BNI SEKURITAS, PT",
2026-09-16,2026-09-17,KDTN,"PURI SENTUL PERMAI Tbk, PT",PT PUTRASAKTI MANDIRI,L,INDONESIA,400700000,400500000,-200000,-0.05,32.06,32.04,-0.02,down,"IF SAMUEL SEKURITAS INDONESIA, PT",
2026-09-16,2026-09-17,KINO,"KINO INDONESIA Tbk, PT",PT. KINO INVESTINDO,L,INDONESIA,2280640800,2284640800,4000000,0.18,159.64,159.92,0.28,up,PD PT INDO PREMIER SEKURITAS,
2026-09-16,2026-09-17,KOPI,"MITRA ENERGI PERSADA Tbk, PT",PT. GLOBAL PERKASA INVESTINDO,L,INDONESIA,48231800,48048100,-183700,-0.38,6.92,6.89,-0.03,down,"GR PANIN SEKURITAS Tbk, PT",
2026-09-16,2026-09-17,LOPI,"LOGISTICSPLUS INTERNATIONAL Tbk, PT",TJEUW HERYANTO,L,,69097500,70256600,1159100,1.68,6.28,6.39,0.11,up,SQ PT BCA SEKURITAS,
2026-09-16,2026-09-17,LPLI,"STAR PACIFIC Tbk, PT",HX TRADING LIMITED,A,"VIRGIN ISLANDS, BRITISH",206765967,206705167,-60800,-0.03,17.67,17.66,-0.01,down,IU PT INDO CAPITAL SEKURITAS,
2026-09-16,2026-09-17,MAPI,"MITRA ADIPERKASA Tbk, PT",SAMUDRA (INVESTMENT) PTE.LTD,A,SINGAPORE,4984057800,4991000000,6942200,0.14,30.02,30.07,0.05,up,PD PT INDO PREMIER SEKURITAS,
2026-09-16,2026-09-17,MAXI,"MAXINDO KARYA ANUGERAH Tbk, PT",PT KARYA NUSA PERDANA,L,INDONESIA,1189785700,1154341025,-35444675,-2.98,12.38,12.01,-0.37,down,FZ PT WATERFRONT SEKURITAS INDONESIA,TINA IRAWATY
2026-09-16,2026-09-17,MAXI,"MAXINDO KARYA ANUGERAH Tbk, PT",TINA IRAWATY,L,INDONESIA,652414509,687859184,35444675,5.43,6.79,7.16,0.37,up,FZ PT WATERFRONT SEKURITAS INDONESIA,KARYA NUSA PERDANA
2026-09-16,2026-09-17,MDIY,"DAYA INTIGUNA YASA Tbk, PT",MDIH (SINGAPORE) PTE. LTD.,A,SINGAPORE,8962944300,8963144300,200000,0.00,35.58,35.58,0.00,up,BUT. STANDARD CHARTERED BANK,
2026-09-16,2026-09-17,MDIY,"DAYA INTIGUNA YASA Tbk, PT",TAN YU WEI,A,MALAYSIA,1434488500,1434548500,60000,0.00,5.69,5.69,0.00,up,BUT. STANDARD CHARTERED BANK,
2026-09-16,2026-09-17,MGLV,"NEXAI DIGITAL INFRASTRUKTUR Tbk, PT",NEXTIER DATAMATE CENTER PT,L,INDONESIA,1201500000,1194603500,-6896500,-0.57,63.07,62.71,-0.36,down,LG PT. TRIMEGAH SEKURITAS INDONESIA TBK,
2026-09-16,2026-09-17,MMIX,"MULTI MEDIKA INTERNASIONAL Tbk, PT",PT MULTI INTI USAHA,L,INDONESIA,2745282200,2743130000,-2152200,-0.08,57.19,57.14,-0.05,down,ZP PT MAYBANK SEKURITAS INDONESIA | YB PT Yakin Bertumbuh Sekuritas | LG PT. TRIMEGAH SEKURITAS INDONESIA TBK,
2026-09-16,2026-09-17,MPRO,"MAHA PROPERTI INDONESIA Tbk, PT",TAHIR,L,INDONESIA,1079820263,1079820263,0,0.00,10.86,10.86,0.00,shuffle,BUT DEUTSCHE BANK AG | ID PT Anugerah Sekuritas Indonesia,
2026-09-16,2026-09-17,NASI,"WAHANA INTI MAKMUR Tbk, PT",HARTARTO CIPUTRA,L,INDONESIA,45100000,0,-45100000,-100.00,5.59,0.00,-5.59,out,PG PT PANCA GLOBAL SEKURITAS,
2026-09-16,2026-09-17,NSSS,"NUSANTARA SAWIT SEJAHTERA Tbk, PT",PT NUSANTARA MAKMUR LESTARI,L,INDONESIA,2251304500,2251260000,-44500,-0.00,9.46,9.46,0.00,down,"GR PANIN SEKURITAS Tbk, PT",
2026-09-16,2026-09-17,NSSS,"NUSANTARA SAWIT SEJAHTERA Tbk, PT",PT SAMUEL SEKURITAS INDONESIA,L,INDONESIA,4860938900,3956944700,-903994200,-18.60,20.42,16.62,-3.80,down,"IF SAMUEL SEKURITAS INDONESIA, PT",
2026-09-16,2026-09-17,NSSS,"NUSANTARA SAWIT SEJAHTERA Tbk, PT",PT. SAMUEL TUMBUH BERSAMA,L,INDONESIA,3349088700,5147638700,1798550000,53.70,14.07,21.63,7.56,up,"IF SAMUEL SEKURITAS INDONESIA, PT",
2026-09-16,2026-09-17,OASA,MAHARAKSA BIRU ENERGI Tbk,IR GAFUR SULISTYO UMAR MBA,L,INDONESIA,2066136693,2031862693,-34274000,-1.66,32.55,32.01,-0.54,down,II PT DANATAMA MAKMUR SEKURITAS,
2026-09-16,2026-09-17,OBMD,"OBM DRILCHEM Tbk, PT",HENDRA,L,INDONESIA,0,76235300,76235300,,0.00,9.46,9.46,in,LG PT. TRIMEGAH SEKURITAS INDONESIA TBK,
2026-09-16,2026-09-17,OBMD,"OBM DRILCHEM Tbk, PT",PT. SURYAPRANA NUTRISINDO,L,INDONESIA,66208900,0,-66208900,-100.00,8.21,0.00,-8.21,out,LG PT. TRIMEGAH SEKURITAS INDONESIA TBK,
2026-09-16,2026-09-17,PPGL,"PRIMA GLOBALINDO LOGISTIK Tbk, PT",JAP ASTRID PATRICIA,L,INDONESIA,175818833,162440954,-13377879,-7.61,22.80,21.06,-1.74,down,XA PT NH KORINDO SEKURITAS INDONESIA,
2026-09-16,2026-09-17,PRDA,"PRODIA WIDYAHUSADA Tbk, PT",PT PRODIA WIDYAHUSADA TBK,L,INDONESIA,57882300,58136300,254000,0.44,6.17,6.20,0.03,up,PT BANK DBS INDONESIA,
2026-09-16,2026-09-17,RLCO,"ABADI LESTARI INDONESIA Tbk, PT",PT SAMUEL SEKURITAS INDONESIA,L,INDONESIA,205334300,165263200,-40071100,-19.52,6.57,5.29,-1.28,down,"IF SAMUEL SEKURITAS INDONESIA, PT",
2026-09-16,2026-09-17,RLCO,"ABADI LESTARI INDONESIA Tbk, PT",PT. SAMUEL TUMBUH BERSAMA,L,INDONESIA,232000000,290000000,58000000,25.00,7.42,9.28,1.86,up,"IF SAMUEL SEKURITAS INDONESIA, PT",
2026-09-16,2026-09-17,SMLE,"SINERGI MULTI LESTARINDO Tbk, PT",SINERGI ASIA CORPORINDO PT,L,INDONESIA,1316055200,1313730200,-2325000,-0.18,56.53,56.43,-0.10,down,BR PT TRUST SEKURITAS,
2026-09-16,2026-09-17,SMMA,"SINAR MAS MULTIARTHA Tbk, PT",SINAR MAS CAKRAWALA,L,INDONESIA,3175873721,3177049119,1175398,0.04,49.88,49.89,0.01,up,"DH SINARMAS SEKURITAS, PT",
2026-09-16,2026-09-17,SPRE,"SORAYA BERJAYA INDONESIA Tbk, PT",MOCH ADHI PAMUNGKAS,L,INDONESIA,44161300,44143200,-18100,-0.04,5.52,5.52,0.00,down,"NI BNI SEKURITAS, PT",
2026-09-16,2026-09-17,SQBB,"TAISHO PHARMACEUTICAL INDONESIA Tbk, PT",TAISHO PHARMACEUTICAL CO. LTD.,A,JAPAN,9268000,0,-9268000,-100.00,100.00,0.00,-100.00,out,DX PT BAHANA SEKURITAS,
2026-09-16,2026-09-17,SQBI,"TAISHO PHARMACEUTICAL INDONESIA Tbk, PT",TAISHO PHARMACEUTICAL CO. LTD.,A,JAPAN,764240,0,-764240,-100.00,78.63,0.00,-78.63,out,DX PT BAHANA SEKURITAS,
2026-09-16,2026-09-17,SRTG,"SARATOGA INVESTAMA SEDAYA Tbk, PT",EDWIN SOERYADJAYA,L,INDONESIA,4874269190,4874529190,260000,0.01,35.93,35.94,0.01,up,XL PT. STOCKBIT SEKURITAS DIGITAL,
2026-09-16,2026-09-17,TCPI,"TRANSCOAL PACIFIC Tbk, PT",CGS INTERNATIONAL SEKURITAS INDONESIA,L,INDONESIA,0,254365804,254365804,,0.00,5.09,5.09,in,YU PT CGS International Sekuritas Indonesia,
2026-09-16,2026-09-17,TRJA,"TRANSKON JAYA Tbk, PT",PT. DAMAI INVESTAMA SUKSES,L,INDONESIA,79496700,0,-79496700,-100.00,5.26,0.00,-5.26,out,AI PT KAY HIAN SEKURITAS,
2026-09-16,2026-09-17,TRST,"TRIAS SENTOSA Tbk, PT","PRIMA POLYCON INDAH, PT.",L,INDONESIA,164105060,164145060,40000,0.02,5.84,5.85,0.01,up,AZ PT SUCOR SEKURITAS,
2026-09-16,2026-09-17,TSPC,"TEMPO SCAN PACIFIC Tbk, PT",PT. BOGAMULIA NAGADI,L,INDONESIA,4109342718,4109462518,119800,0.00,91.12,91.12,0.00,up,TP PT OCBC SEKURITAS INDONESIA,
2026-09-16,2026-09-17,UANG,"PAKUAN Tbk, PT",PT BHINEKA ABADI INVESTAMA,L,INDONESIA,114773100,102773100,-12000000,-10.46,9.49,8.49,-1.00,down,"CC MANDIRI SEKURITAS, PT",
2026-09-16,2026-09-17,UNTR,"UNITED TRACTORS Tbk, PT",PT UNITED TRACTORS TBK,L,INDONESIA,291404000,292015600,611600,0.21,7.81,7.83,0.02,up,"BANK RAKYAT INDONESIA (PERSERO), PT",
2026-09-16,2026-09-17,UVCR,"TRIMEGAH KARYA PRATAMA Tbk, PT",DENNY TRICAHYA KUSUMA,L,INDONESIA,100136527,100341627,205100,0.20,5.01,5.02,0.01,up,CP PT KB VALBURY SEKURITAS,
2026-09-16,2026-09-17,WINR,"WINNER NUSANTARA JAYA Tbk, PT",PT. PEMENANG NUSANTARA INTERNASIONAL,L,INDONESIA,2498476700,2477727500,-20749200,-0.83,47.72,47.33,-0.39,down,AZ PT SUCOR SEKURITAS,
2026-09-17,2026-09-18,ABDA,"ASURANSI BINA DANA ARTA Tbk, PT",OONA INDONESIA PTE LTD,A,SINGAPORE,538619804,538621904,2100,0.00,86.76,86.76,0.00,up,"CC MANDIRI SEKURITAS, PT",
2026-09-17,2026-09-18,ARNA,"ARWANA CITRAMULIA Tbk, PT","PT ARWANA CITRAMULIA, Tbk",L,INDONESIA,383467800,383567800,100000,0.03,5.22,5.22,0.00,up,DR PT RHB SEKURITAS INDONESIA,
2026-09-17,2026-09-18,BDKR,"BERDIKARI PONDASI PERKASA Tbk, PT","HARUNA BINOSWARA JAYA, PT",L,INDONESIA,285699500,285553900,-145600,-0.05,6.05,6.04,-0.01,down,CP PT KB VALBURY SEKURITAS,
2026-09-17,2026-09-18,BEEF,"ESTIKA TATA TIARA Tbk, PT",DIMAS WIBOWO,L,INDONESIA,694059042,695009042,950000,0.14,8.55,8.56,0.01,up,SQ PT BCA SEKURITAS,
2026-09-17,2026-09-18,DEWI,"DEWI SHRI FARMINDO Tbk, PT",SUJITO NGATIMAN,L,INDONESIA,164817300,151967300,-12850000,-7.80,8.24,7.60,-0.64,down,XA PT NH KORINDO SEKURITAS INDONESIA,
2026-09-17,2026-09-18,ENRG,"ENERGI MEGA PERSADA Tbk, PT",PT MAYBANK SEKURITAS INDONESIA - REGISTRAR,L,INDONESIA,2255848500,2255827500,-21000,-0.00,8.49,8.49,0.00,down,ZP PT MAYBANK SEKURITAS INDONESIA,
2026-09-17,2026-09-18,FILM,"MD ENTERTAINMENT Tbk, PT",MORGAN STANLEY AND CO INTERNATIONAL PLC,A,UNITED KINGDOM,1140404802,1140506202,101400,0.01,10.47,10.48,0.01,up,PT Bank HSBC Indonesia,
2026-09-17,2026-09-18,FORE,"FORE KOPI INDONESIA Tbk, PT",FERRY SUDJONO,L,INDONESIA,535195900,535417400,221500,0.04,6.00,6.00,0.00,up,YU PT CGS International Sekuritas Indonesia | KI PT CIPTADANA SEKURITAS ASIA,
2026-09-17,2026-09-18,GPRA,"PERDANA GAPURAPRIMA Tbk, PT","ABADIMUKTI GUNALESTARI, PT",L,INDONESIA,1941924520,1945664620,3740100,0.19,45.41,45.50,0.09,up,ZP PT MAYBANK SEKURITAS INDONESIA | XA PT NH KORINDO SEKURITAS INDONESIA,
2026-09-17,2026-09-18,GPRA,"PERDANA GAPURAPRIMA Tbk, PT",ADITYA ANTONIUS,L,INDONESIA,216571100,218696700,2125600,0.98,5.06,5.11,0.05,up,"OD BRI DANAREKSA SEKURITAS, PT",
2026-09-17,2026-09-18,HELI,"JAYA TRISHINDO Tbk, PT",PT. AVIA NUSANTARA KHATULISTIWA,L,INDONESIA,70189300,70179300,-10000,-0.01,8.43,8.43,0.00,down,AI PT KAY HIAN SEKURITAS,
2026-09-17,2026-09-18,ITMG,"INDO TAMBANGRAYA MEGAH Tbk, PT",PT INDO TAMBANGRAYA MEGAH TBK,L,INDONESIA,0,56858500,56858500,,0.00,5.03,5.03,in,"NI BNI SEKURITAS, PT",
2026-09-17,2026-09-18,JECX,"NITRASANATA DHARMA Tbk, PT",SARANA MEDITAMA METROPOLITAN TBK PT,L,INDONESIA,1071466000,1071879000,413000,0.04,32.94,32.95,0.01,up,LG PT. TRIMEGAH SEKURITAS INDONESIA TBK,
2026-09-17,2026-09-18,KBAG,"KARYA BERSAMA ANUGERAH Tbk, PT",SALIM LIM,L,INDONESIA,740335200,740535200,200000,0.03,10.35,10.36,0.01,up,"NI BNI SEKURITAS, PT",
2026-09-17,2026-09-18,KDTN,"PURI SENTUL PERMAI Tbk, PT",PT PUTRASAKTI MANDIRI,L,INDONESIA,400500000,401000000,500000,0.12,32.04,32.08,0.04,up,"IF SAMUEL SEKURITAS INDONESIA, PT",
2026-09-17,2026-09-18,KETR,"KETROSDEN TRIASMITRA, PT",PT FAJAR SEJAHTERA MANDIRI NUSANTARA,L,INDONESIA,1557864674,1509563417,-48301257,-3.10,54.83,53.13,-1.70,down,AH PT Shinhan Sekuritas Indonesia,
2026-09-17,2026-09-18,KOPI,"MITRA ENERGI PERSADA Tbk, PT",PT. GLOBAL PERKASA INVESTINDO,L,INDONESIA,48048100,45950700,-2097400,-4.37,6.89,6.59,-0.30,down,"GR PANIN SEKURITAS Tbk, PT",
2026-09-17,2026-09-18,LOPI,"LOGISTICSPLUS INTERNATIONAL Tbk, PT",TJEUW HERYANTO,L,,70256600,71877000,1620400,2.31,6.39,6.53,0.14,up,SQ PT BCA SEKURITAS,
2026-09-17,2026-09-18,MAPI,"MITRA ADIPERKASA Tbk, PT",SAMUDRA (INVESTMENT) PTE.LTD,A,SINGAPORE,4991000000,4993355000,2355000,0.05,30.07,30.08,0.01,up,PD PT INDO PREMIER SEKURITAS,
2026-09-17,2026-09-18,MDIY,"DAYA INTIGUNA YASA Tbk, PT",MDIH (SINGAPORE) PTE. LTD.,A,SINGAPORE,8963144300,8963194300,50000,0.00,35.58,35.58,0.00,up,BUT. STANDARD CHARTERED BANK,
2026-09-17,2026-09-18,MDIY,"DAYA INTIGUNA YASA Tbk, PT",TAN YU WEI,A,MALAYSIA,1434548500,1434608500,60000,0.00,5.69,5.70,0.01,up,BUT. STANDARD CHARTERED BANK,
2026-09-17,2026-09-18,MKPI,METROPOLITAN KENTJANA Tbk. PT,PT. SAMUEL TUMBUH BERSAMA,L,INDONESIA,0,56800000,56800000,,0.00,5.99,5.99,in,"GR PANIN SEKURITAS Tbk, PT | IF SAMUEL SEKURITAS INDONESIA, PT",
2026-09-17,2026-09-18,MMIX,"MULTI MEDIKA INTERNASIONAL Tbk, PT",PT MULTI INTI USAHA,L,INDONESIA,2743130000,2730631200,-12498800,-0.46,57.14,56.88,-0.26,down,XA PT NH KORINDO SEKURITAS INDONESIA | YB PT Yakin Bertumbuh Sekuritas | LG PT. TRIMEGAH SEKURITAS INDONESIA TBK,
2026-09-17,2026-09-18,MPRO,"MAHA PROPERTI INDONESIA Tbk, PT",TAHIR,L,INDONESIA,1079820263,1042820263,-37000000,-3.43,10.86,10.49,-0.37,down,ID PT Anugerah Sekuritas Indonesia,
2026-09-17,2026-09-18,NSSS,"NUSANTARA SAWIT SEJAHTERA Tbk, PT",PT NUSANTARA MAKMUR LESTARI,L,INDONESIA,2251260000,2250935000,-325000,-0.01,9.46,9.46,0.00,down,"GR PANIN SEKURITAS Tbk, PT",
2026-09-17,2026-09-18,NSSS,"NUSANTARA SAWIT SEJAHTERA Tbk, PT",SAMUEL INTERNATIONAL,L,INDONESIA,3605232000,3071055500,-534176500,-14.82,15.15,12.90,-2.25,down,"GR PANIN SEKURITAS Tbk, PT",
2026-09-17,2026-09-18,NSSS,"NUSANTARA SAWIT SEJAHTERA Tbk, PT",PT SAMUEL SEKURITAS INDONESIA,L,INDONESIA,3956944700,3345613500,-611331200,-15.45,16.62,14.06,-2.56,down,"IF SAMUEL SEKURITAS INDONESIA, PT",
2026-09-17,2026-09-18,NSSS,"NUSANTARA SAWIT SEJAHTERA Tbk, PT",PT. SAMUEL TUMBUH BERSAMA,L,INDONESIA,5147638700,8745940500,3598301800,69.90,21.63,36.75,15.12,up,"IF SAMUEL SEKURITAS INDONESIA, PT",
2026-09-17,2026-09-18,PPGL,"PRIMA GLOBALINDO LOGISTIK Tbk, PT",JAP ASTRID PATRICIA,L,INDONESIA,162440954,137440954,-25000000,-15.39,21.06,17.82,-3.24,down,XA PT NH KORINDO SEKURITAS INDONESIA,
2026-09-17,2026-09-18,PRDA,"PRODIA WIDYAHUSADA Tbk, PT",PT PRODIA WIDYAHUSADA TBK,L,INDONESIA,58136300,58540700,404400,0.70,6.20,6.24,0.04,up,PT BANK DBS INDONESIA,
2026-09-17,2026-09-18,REAL,"REPOWER ASIA INDONESIA Tbk, PT",PT ENAM BERLIAN SINERGI,L,INDONESIA,3099480000,2999480000,-100000000,-3.23,46.72,45.22,-1.50,down,BR PT TRUST SEKURITAS,
2026-09-17,2026-09-18,SKLT,"SEKAR LAUT Tbk, PT",PT. SEKAR LAUT TBK,L,INDONESIA,669369300,669301400,-67900,-0.01,9.69,9.69,0.00,down,"NI BNI SEKURITAS, PT",
2026-09-17,2026-09-18,SMLE,"SINERGI MULTI LESTARINDO Tbk, PT",SINERGI ASIA CORPORINDO PT,L,INDONESIA,1313730200,1311470200,-2260000,-0.17,56.43,56.33,-0.10,down,BR PT TRUST SEKURITAS,
2026-09-17,2026-09-18,SMMA,"SINAR MAS MULTIARTHA Tbk, PT",SINAR MAS CAKRAWALA,L,INDONESIA,3177049119,3173726080,-3323039,-0.10,49.89,49.84,-0.05,down,"DH SINARMAS SEKURITAS, PT",
2026-09-17,2026-09-18,SPRE,"SORAYA BERJAYA INDONESIA Tbk, PT",MOCH ADHI PAMUNGKAS,L,INDONESIA,44143200,44147100,3900,0.01,5.52,5.52,0.00,up,"NI BNI SEKURITAS, PT",
2026-09-17,2026-09-18,SQMI,"WILTON MAKMUR INDONESIA Tbk, PT",CGS INTERNATIONAL SECURITIES SINGAPORE PTE LTD,A,SINGAPORE,2600522629,2540224429,-60298200,-2.32,16.74,16.35,-0.39,down,YU PT CGS International Sekuritas Indonesia,
2026-09-17,2026-09-18,SRTG,"SARATOGA INVESTAMA SEDAYA Tbk, PT",EDWIN SOERYADJAYA,L,INDONESIA,4874529190,4875429190,900000,0.02,35.94,35.94,0.00,up,XL PT. STOCKBIT SEKURITAS DIGITAL,
2026-09-17,2026-09-18,SURI,"MAJA AGUNG LATEXINDO Tbk, PT",HANSEN JAP,L,INDONESIA,5467764300,5467864300,100000,0.00,86.32,86.32,0.00,up,"CC MANDIRI SEKURITAS, PT",
2026-09-17,2026-09-18,TRST,"TRIAS SENTOSA Tbk, PT","PRIMA POLYCON INDAH, PT.",L,INDONESIA,164145060,164175560,30500,0.02,5.85,5.85,0.00,up,AZ PT SUCOR SEKURITAS,
2026-09-17,2026-09-18,UNTR,"UNITED TRACTORS Tbk, PT",PT UNITED TRACTORS TBK,L,INDONESIA,292015600,292480200,464600,0.16,7.83,7.84,0.01,up,"BANK RAKYAT INDONESIA (PERSERO), PT",
2026-09-17,2026-09-18,UVCR,"TRIMEGAH KARYA PRATAMA Tbk, PT",DENNY TRICAHYA KUSUMA,L,INDONESIA,100341627,101653627,1312000,1.31,5.02,5.08,0.06,up,CP PT KB VALBURY SEKURITAS | XL PT. STOCKBIT SEKURITAS DIGITAL,
2026-09-17,2026-09-18,WINR,"WINNER NUSANTARA JAYA Tbk, PT",PT. PEMENANG NUSANTARA INTERNASIONAL,L,INDONESIA,2477727500,2467727500,-10000000,-0.40,47.33,47.14,-0.19,down,AZ PT SUCOR SEKURITAS,
2026-09-17,2026-09-18,YULE,"YULIE SEKURITAS INDONESIA Tbk, PT",Sabrina Evelyn Elian,L,INDONESIA,91877416,92444016,566600,0.62,5.15,5.18,0.03,up,RB PT INA SEKURITAS INDONESIA,
2026-09-18,2026-09-21,ABDA,"ASURANSI BINA DANA ARTA Tbk, PT",OONA INDONESIA PTE LTD,A,SINGAPORE,538621904,538622704,800,0.00,86.76,86.76,0.00,up,"CC MANDIRI SEKURITAS, PT",
2026-09-18,2026-09-21,ARNA,"ARWANA CITRAMULIA Tbk, PT","PT ARWANA CITRAMULIA, Tbk",L,INDONESIA,383567800,383967800,400000,0.10,5.22,5.23,0.01,up,DR PT RHB SEKURITAS INDONESIA,
2026-09-18,2026-09-21,ASLI,"ASRI KARYA LESTARI Tbk, PT",PT WAHANA KONSTRUKSI MANDIRI,L,INDONESIA,3187500000,3250000000,62500000,1.96,51.00,52.00,1.00,up,"NI BNI SEKURITAS, PT",
2026-09-18,2026-09-21,BDKR,"BERDIKARI PONDASI PERKASA Tbk, PT","HARUNA BINOSWARA JAYA, PT",L,INDONESIA,285553900,284847400,-706500,-0.25,6.04,6.03,-0.01,down,CP PT KB VALBURY SEKURITAS,
2026-09-18,2026-09-21,BEEF,"ESTIKA TATA TIARA Tbk, PT",DIMAS WIBOWO,L,INDONESIA,695009042,695108342,99300,0.01,8.56,8.56,0.00,up,SQ PT BCA SEKURITAS,
2026-09-18,2026-09-21,BKSL,"SENTUL CITY Tbk, PT",PT SAMUEL SEKURITAS INDONESIA,L,INDONESIA,11766798654,11485508354,-281290300,-2.39,7.02,6.85,-0.17,down,"IF SAMUEL SEKURITAS INDONESIA, PT",
2026-09-18,2026-09-21,BSML,"BINTANG SAMUDERA MANDIRI LINES Tbk, PT",PT GOLDFIVE INVESTMENT CAPITAL,L,INDONESIA,673789365,670089365,-3700000,-0.55,36.42,36.22,-0.20,down,FS PT YUANTA SEKURITAS INDONESIA,
2026-09-18,2026-09-21,BSML,"BINTANG SAMUDERA MANDIRI LINES Tbk, PT","SANCA GRIYA MODALINDO, PT",L,INDONESIA,99719000,92519000,-7200000,-7.22,5.39,5.00,-0.39,down,CP PT KB VALBURY SEKURITAS,
2026-09-18,2026-09-21,DEWI,"DEWI SHRI FARMINDO Tbk, PT",SUJITO NGATIMAN,L,INDONESIA,151967300,160865600,8898300,5.86,7.60,8.04,0.44,up,XA PT NH KORINDO SEKURITAS INDONESIA,
2026-09-18,2026-09-21,DILD,"INTILAND DEVELOPMENT Tbk, PT",DRS LO KHENG HONG,L,INDONESIA,779835700,779957900,122200,0.02,7.52,7.52,0.00,up,"DH SINARMAS SEKURITAS, PT",
2026-09-18,2026-09-21,EMMI,"ESA MEDIKA MANDIRI Tbk, PT",PT YULIE SEKURITAS INDONESIA TBK,L,INDONESIA,175340400,175661300,320900,0.18,10.06,10.08,0.02,up,RS PT YULIE SEKURITAS INDONESIA TBK,
2026-09-18,2026-09-21,ENRG,"ENERGI MEGA PERSADA Tbk, PT",PT MAYBANK SEKURITAS INDONESIA - REGISTRAR,L,INDONESIA,2255827500,2255828000,500,0.00,8.49,8.49,0.00,up,ZP PT MAYBANK SEKURITAS INDONESIA,
2026-09-18,2026-09-21,EURO,"ESTEE GOLD FEET Tbk, PT",PT TRUKINDO PERSADA SEJAHTERA,L,INDONESIA,248763200,261763200,13000000,5.23,9.76,10.27,0.51,up,II PT DANATAMA MAKMUR SEKURITAS,
2026-09-18,2026-09-21,FILM,"MD ENTERTAINMENT Tbk, PT",MORGAN STANLEY AND CO INTERNATIONAL PLC,A,UNITED KINGDOM,1140506202,1140404802,-101400,-0.01,10.48,10.47,-0.01,down,PT Bank HSBC Indonesia,
2026-09-18,2026-09-21,FILM,"MD ENTERTAINMENT Tbk, PT",PT SAMUEL SEKURITAS INDONESIA,L,INDONESIA,1049325300,948524800,-100800500,-9.61,9.64,8.71,-0.93,down,"IF SAMUEL SEKURITAS INDONESIA, PT",
2026-09-18,2026-09-21,FORE,"FORE KOPI INDONESIA Tbk, PT",FERRY SUDJONO,L,INDONESIA,535417400,535975400,558000,0.10,6.00,6.01,0.01,up,YU PT CGS International Sekuritas Indonesia,
2026-09-18,2026-09-21,FUJI,"FUJI FINANCE INDONESIA Tbk, PT",PT CHARNIC CAPITAL TBK,L,INDONESIA,105245100,108210700,2965600,2.82,8.10,8.32,0.22,up,PD PT INDO PREMIER SEKURITAS,
2026-09-18,2026-09-21,GOTO,"GOTO GOJEK TOKOPEDIA Tbk, PT",MORGAN STANLEY AND CO INTERNATIONAL PLC,A,UNITED KINGDOM,64396696274,64326696274,-70000000,-0.11,5.41,5.40,-0.01,down,PT Bank HSBC Indonesia,
2026-09-18,2026-09-21,GPRA,"PERDANA GAPURAPRIMA Tbk, PT","ABADIMUKTI GUNALESTARI, PT",L,INDONESIA,1945664620,1948062020,2397400,0.12,45.50,45.55,0.05,up,ZP PT MAYBANK SEKURITAS INDONESIA | XA PT NH KORINDO SEKURITAS INDONESIA,
2026-09-18,2026-09-21,GPRA,"PERDANA GAPURAPRIMA Tbk, PT",ADITYA ANTONIUS,L,INDONESIA,218696700,218358800,-337900,-0.15,5.11,5.11,0.00,down,"OD BRI DANAREKSA SEKURITAS, PT",
2026-09-18,2026-09-21,GPRA,"PERDANA GAPURAPRIMA Tbk, PT","KHARISMA ANDALAS PUTRA, PT",L,INDONESIA,0,213865234,213865234,,0.00,5.00,5.00,in,YP PT MIRAE ASSET SEKURITAS INDONESIA | XA PT NH KORINDO SEKURITAS INDONESIA,
2026-09-18,2026-09-21,HYGN,"ECOCARE INDO PASIFIK Tbk, PT",PERSHING LLC MAIN CUSTODY ACCOUNT,A,UNITED STATES,177941100,188665600,10724500,6.03,7.05,7.47,0.42,up,"CITIBANK, N. A",
2026-09-18,2026-09-21,IMPC,"IMPACK PRATAMA INDUSTRI Tbk, PT",TUNGGAL JAYA INVESTAMA PT,L,INDONESIA,5185777194,5185977194,200000,0.00,9.44,9.45,0.01,up,SQ PT BCA SEKURITAS,
2026-09-18,2026-09-21,ITMG,"INDO TAMBANGRAYA MEGAH Tbk, PT",PT INDO TAMBANGRAYA MEGAH TBK,L,INDONESIA,56858500,57648500,790000,1.39,5.03,5.10,0.07,up,"NI BNI SEKURITAS, PT",
2026-09-18,2026-09-21,JECX,"NITRASANATA DHARMA Tbk, PT",SARANA MEDITAMA METROPOLITAN TBK PT,L,INDONESIA,1071879000,1072500000,621000,0.06,32.95,32.97,0.02,up,LG PT. TRIMEGAH SEKURITAS INDONESIA TBK,
2026-09-18,2026-09-21,KOPI,"MITRA ENERGI PERSADA Tbk, PT",PT. GLOBAL PERKASA INVESTINDO,L,INDONESIA,45950700,45700700,-250000,-0.54,6.59,6.55,-0.04,down,"GR PANIN SEKURITAS Tbk, PT",
2026-09-18,2026-09-21,LMAX,"LUPROMAX PELUMAS INDONESIA Tbk, PT",AGUS SANUSI,L,INDONESIA,34839100,34529100,-310000,-0.89,5.36,5.31,-0.05,down,XL PT. STOCKBIT SEKURITAS DIGITAL,
2026-09-18,2026-09-21,LOPI,"LOGISTICSPLUS INTERNATIONAL Tbk, PT",TJEUW HERYANTO,L,,71877000,71935700,58700,0.08,6.53,6.54,0.01,up,SQ PT BCA SEKURITAS,
2026-09-18,2026-09-21,LPLI,"STAR PACIFIC Tbk, PT",HX TRADING LIMITED,A,"VIRGIN ISLANDS, BRITISH",206705167,206701767,-3400,-0.00,17.66,17.66,0.00,down,IU PT INDO CAPITAL SEKURITAS,
2026-09-18,2026-09-21,MAPI,"MITRA ADIPERKASA Tbk, PT",SAMUDRA (INVESTMENT) PTE.LTD,A,SINGAPORE,4993355000,4997402500,4047500,0.08,30.08,30.10,0.02,up,PD PT INDO PREMIER SEKURITAS,
2026-09-18,2026-09-21,MDIY,"DAYA INTIGUNA YASA Tbk, PT",MDIH (SINGAPORE) PTE. LTD.,A,SINGAPORE,8963194300,8963594300,400000,0.00,35.58,35.58,0.00,up,BUT. STANDARD CHARTERED BANK,
2026-09-18,2026-09-21,MDIY,"DAYA INTIGUNA YASA Tbk, PT",TAN YU WEI,A,MALAYSIA,1434608500,1434668500,60000,0.00,5.70,5.70,0.00,up,BUT. STANDARD CHARTERED BANK,
2026-09-18,2026-09-21,MMIX,"MULTI MEDIKA INTERNASIONAL Tbk, PT",PT MULTI INTI USAHA,L,INDONESIA,2730631200,2721651700,-8979500,-0.33,56.88,56.70,-0.18,down,AG PT KIWOOM SEKURITAS INDONESIA | ZP PT MAYBANK SEKURITAS INDONESIA | XA PT NH KORINDO SEKURITAS INDONESIA | YB PT Yakin Bertumbuh Sekuritas | LG PT. TRIMEGAH SEKURITAS INDONESIA TBK,
2026-09-18,2026-09-21,NSSS,"NUSANTARA SAWIT SEJAHTERA Tbk, PT",PT SAMUEL SEKURITAS INDONESIA,L,INDONESIA,3345613500,3709040500,363427000,10.86,14.06,15.58,1.52,up,"IF SAMUEL SEKURITAS INDONESIA, PT",
2026-09-18,2026-09-21,NSSS,"NUSANTARA SAWIT SEJAHTERA Tbk, PT",PT. SAMUEL TUMBUH BERSAMA,L,INDONESIA,8745940500,7686357300,-1059583200,-12.12,36.75,32.29,-4.46,down,"IF SAMUEL SEKURITAS INDONESIA, PT",
2026-09-18,2026-09-21,PRDA,"PRODIA WIDYAHUSADA Tbk, PT",PT PRODIA WIDYAHUSADA TBK,L,INDONESIA,58540700,59125300,584600,1.00,6.24,6.31,0.07,up,PT BANK DBS INDONESIA,
2026-09-18,2026-09-21,PURA,"PUTRA RAJAWALI KENCANA Tbk, PT",CGS INTERNATIONAL SECURITIES SINGAPORE PTE LTD,A,SINGAPORE,396410200,396409200,-1000,-0.00,6.29,6.29,0.00,down,YU PT CGS International Sekuritas Indonesia,
2026-09-18,2026-09-21,SAFE,"STEADY SAFE Tbk, PT","Infiniti Wahana, PT",L,INDONESIA,457293213,457104613,-188600,-0.04,55.69,55.66,-0.03,down,MG PT SEMESTA INDOVEST SEKURITAS,
2026-09-18,2026-09-21,SMMA,"SINAR MAS MULTIARTHA Tbk, PT",SINAR MAS CAKRAWALA,L,INDONESIA,3173726080,3170204998,-3521082,-0.11,49.84,49.79,-0.05,down,"DH SINARMAS SEKURITAS, PT",
2026-09-18,2026-09-21,SPRE,"SORAYA BERJAYA INDONESIA Tbk, PT",MOCH ADHI PAMUNGKAS,L,INDONESIA,44147100,44133300,-13800,-0.03,5.52,5.52,0.00,down,"NI BNI SEKURITAS, PT",
2026-09-18,2026-09-21,SQMI,"WILTON MAKMUR INDONESIA Tbk, PT",CGS INTERNATIONAL SECURITIES SINGAPORE PTE LTD,A,SINGAPORE,2540224429,2417224429,-123000000,-4.84,16.35,15.56,-0.79,down,YU PT CGS International Sekuritas Indonesia,
2026-09-18,2026-09-21,SRTG,"SARATOGA INVESTAMA SEDAYA Tbk, PT",EDWIN SOERYADJAYA,L,INDONESIA,4875429190,4875769190,340000,0.01,35.94,35.94,0.00,up,XL PT. STOCKBIT SEKURITAS DIGITAL,
2026-09-18,2026-09-21,SUPA,"SUPER BANK INDONESIA Tbk, PT",A5-DB HOLDINGS PTE. LTD.,A,SINGAPORE,5720105373,5724384873,4279500,0.07,16.87,16.89,0.02,up,"CC MANDIRI SEKURITAS, PT",
2026-09-18,2026-09-21,TRST,"TRIAS SENTOSA Tbk, PT","PRIMA POLYCON INDAH, PT.",L,INDONESIA,164175560,164180260,4700,0.00,5.85,5.85,0.00,up,AZ PT SUCOR SEKURITAS,
2026-09-18,2026-09-21,TRUK,"GUNA TIMUR RAYA Tbk, PT",PT CATUR DHARMA ANUGERAH SURYA,L,INDONESIA,87000000,0,-87000000,-100.00,20.00,0.00,-20.00,out,YU PT CGS International Sekuritas Indonesia,
2026-09-18,2026-09-21,TRUK,"GUNA TIMUR RAYA Tbk, PT",PT. HAKIMSON GROWTH CAPITAL,L,INDONESIA,0,21800000,21800000,,0.00,5.01,5.01,in,LG PT. TRIMEGAH SEKURITAS INDONESIA TBK,
2026-09-18,2026-09-21,TRUK,"GUNA TIMUR RAYA Tbk, PT",PUKUL RATA KANAN,L,INDONESIA,0,65250000,65250000,,0.00,15.00,15.00,in,LG PT. TRIMEGAH SEKURITAS INDONESIA TBK,
2026-09-18,2026-09-21,UNTR,"UNITED TRACTORS Tbk, PT",PT UNITED TRACTORS TBK,L,INDONESIA,292480200,293053800,573600,0.20,7.84,7.86,0.02,up,"BANK RAKYAT INDONESIA (PERSERO), PT",
2026-09-18,2026-09-21,UVCR,"TRIMEGAH KARYA PRATAMA Tbk, PT",DENNY TRICAHYA KUSUMA,L,INDONESIA,101653627,101764227,110600,0.11,5.08,5.09,0.01,up,CP PT KB VALBURY SEKURITAS,
2026-09-18,2026-09-21,WINR,"WINNER NUSANTARA JAYA Tbk, PT",PT. PEMENANG NUSANTARA INTERNASIONAL,L,INDONESIA,2467727500,2455664400,-12063100,-0.49,47.14,46.91,-0.23,down,AZ PT SUCOR SEKURITAS,
2026-09-18,2026-09-21,YULE,"YULIE SEKURITAS INDONESIA Tbk, PT",Sabrina Evelyn Elian,L,INDONESIA,92444016,92427916,-16100,-0.02,5.18,5.18,0.00,down,RB PT INA SEKURITAS INDONESIA,
2026-09-21,2026-09-22,ABDA,"ASURANSI BINA DANA ARTA Tbk, PT",OONA INDONESIA PTE LTD,A,SINGAPORE,538622704,538624104,1400,0.00,86.76,86.76,0.00,up,"CC MANDIRI SEKURITAS, PT",
2026-09-21,2026-09-22,AHAP,"ASURANSI HARTA AMAN PRATAMA Tbk, PT",SENDRA GUNAWAN,L,INDONESIA,594981066,581481066,-13500000,-2.27,12.14,11.87,-0.27,down,"CC MANDIRI SEKURITAS, PT",
2026-09-21,2026-09-22,ARNA,"ARWANA CITRAMULIA Tbk, PT","PT ARWANA CITRAMULIA, Tbk",L,INDONESIA,383967800,384267800,300000,0.08,5.23,5.23,0.00,up,DR PT RHB SEKURITAS INDONESIA,
2026-09-21,2026-09-22,BDKR,"BERDIKARI PONDASI PERKASA Tbk, PT","HARUNA BINOSWARA JAYA, PT",L,INDONESIA,284847400,284950800,103400,0.04,6.03,6.03,0.00,up,CP PT KB VALBURY SEKURITAS,
2026-09-21,2026-09-22,BEEF,"ESTIKA TATA TIARA Tbk, PT",DIMAS WIBOWO,L,INDONESIA,695108342,699239142,4130800,0.59,8.56,8.61,0.05,up,SQ PT BCA SEKURITAS,
2026-09-21,2026-09-22,BKSL,"SENTUL CITY Tbk, PT",PT SAMUEL SEKURITAS INDONESIA,L,INDONESIA,11485508354,8737846454,-2747661900,-23.92,6.85,5.21,-1.64,down,"IF SAMUEL SEKURITAS INDONESIA, PT",
2026-09-21,2026-09-22,BSML,"BINTANG SAMUDERA MANDIRI LINES Tbk, PT",PT GOLDFIVE INVESTMENT CAPITAL,L,INDONESIA,670089365,670177665,88300,0.01,36.22,36.22,0.00,up,FS PT YUANTA SEKURITAS INDONESIA,
2026-09-21,2026-09-22,BSML,"BINTANG SAMUDERA MANDIRI LINES Tbk, PT","SANCA GRIYA MODALINDO, PT",L,INDONESIA,92519000,97819000,5300000,5.73,5.00,5.29,0.29,up,CP PT KB VALBURY SEKURITAS,
2026-09-21,2026-09-22,BUKA,"BUKALAPAK.COM Tbk, PT","ELANG MAHKOTA TEKNOLOGI TBK, PT",L,INDONESIA,10821706040,11010409640,188703600,1.74,10.49,10.67,0.18,up,KZ PT CLSA Sekuritas Indonesia,
2026-09-21,2026-09-22,CASH,"CASHLEZ WORLDWIDE INDONESIA Tbk, PT",ANDRI WIJONO SUTIONO,L,INDONESIA,944002201,944512201,510000,0.05,38.88,38.90,0.02,up,PD PT INDO PREMIER SEKURITAS,
2026-09-21,2026-09-22,CYBR,"ITSEC ASIA Tbk, PT",INV MANAGEMENT PTE LTD,A,SINGAPORE,5111126994,4992338794,-118788200,-2.32,37.90,37.01,-0.89,down,TP PT OCBC SEKURITAS INDONESIA,
2026-09-21,2026-09-22,CYBR,"ITSEC ASIA Tbk, PT",MB INVESTMENT MANAGEMENT PTE.LTD.,A,SINGAPORE,3531304014,3531211614,-92400,-0.00,26.18,26.18,0.00,down,TP PT OCBC SEKURITAS INDONESIA,
2026-09-21,2026-09-22,DEWI,"DEWI SHRI FARMINDO Tbk, PT",SUJITO NGATIMAN,L,INDONESIA,160865600,150564700,-10300900,-6.40,8.04,7.53,-0.51,down,XA PT NH KORINDO SEKURITAS INDONESIA,
2026-09-21,2026-09-22,DILD,"INTILAND DEVELOPMENT Tbk, PT",DRS LO KHENG HONG,L,INDONESIA,779957900,781596600,1638700,0.21,7.52,7.54,0.02,up,"DH SINARMAS SEKURITAS, PT",
2026-09-21,2026-09-22,EMMI,"ESA MEDIKA MANDIRI Tbk, PT",PT YULIE SEKURITAS INDONESIA TBK,L,INDONESIA,175661300,177566300,1905000,1.08,10.08,10.19,0.11,up,RS PT YULIE SEKURITAS INDONESIA TBK,
2026-09-21,2026-09-22,ENRG,"ENERGI MEGA PERSADA Tbk, PT",CGS INTERNATIONAL SEKURITAS INDONESIA,L,INDONESIA,2000010269,2000010169,-100,-0.00,7.53,7.53,0.00,down,YU PT CGS International Sekuritas Indonesia,
2026-09-21,2026-09-22,ENRG,"ENERGI MEGA PERSADA Tbk, PT",PT MAYBANK SEKURITAS INDONESIA - REGISTRAR,L,INDONESIA,2255828000,2255833400,5400,0.00,8.49,8.49,0.00,up,ZP PT MAYBANK SEKURITAS INDONESIA,
2026-09-21,2026-09-22,FORE,"FORE KOPI INDONESIA Tbk, PT",FERRY SUDJONO,L,INDONESIA,535975400,536583400,608000,0.11,6.01,6.02,0.01,up,YU PT CGS International Sekuritas Indonesia | KI PT CIPTADANA SEKURITAS ASIA,
2026-09-21,2026-09-22,FUJI,"FUJI FINANCE INDONESIA Tbk, PT",PT CHARNIC CAPITAL TBK,L,INDONESIA,108210700,108397000,186300,0.17,8.32,8.34,0.02,up,PD PT INDO PREMIER SEKURITAS,
2026-09-21,2026-09-22,FUJI,"FUJI FINANCE INDONESIA Tbk, PT",JEFRI NEDI,L,INDONESIA,110898100,110639500,-258600,-0.23,8.53,8.51,-0.02,down,CP PT KB VALBURY SEKURITAS,
2026-09-21,2026-09-22,GPRA,"PERDANA GAPURAPRIMA Tbk, PT","ABADIMUKTI GUNALESTARI, PT",L,INDONESIA,1948062020,1951663320,3601300,0.18,45.55,45.64,0.09,up,XA PT NH KORINDO SEKURITAS INDONESIA,
2026-09-21,2026-09-22,GPRA,"PERDANA GAPURAPRIMA Tbk, PT",ADITYA ANTONIUS,L,INDONESIA,218358800,220932700,2573900,1.18,5.11,5.17,0.06,up,"OD BRI DANAREKSA SEKURITAS, PT",
2026-09-21,2026-09-22,GPRA,"PERDANA GAPURAPRIMA Tbk, PT","KHARISMA ANDALAS PUTRA, PT",L,INDONESIA,213865234,0,-213865234,-100.00,5.00,0.00,-5.00,out,YP PT MIRAE ASSET SEKURITAS INDONESIA | XA PT NH KORINDO SEKURITAS INDONESIA,
2026-09-21,2026-09-22,HEAL,"MEDIKALOKA HERMINA Tbk, PT",BINSAR PARASIAN SIMORANGKIR,L,INDONESIA,0,789863411,789863411,,0.00,5.14,5.14,in,"CC MANDIRI SEKURITAS, PT",DR B P SIMORANGKIR SPOG
2026-09-21,2026-09-22,HEAL,"MEDIKALOKA HERMINA Tbk, PT",DR B P SIMORANGKIR SPOG,L,INDONESIA,789863411,0,-789863411,-100.00,5.14,0.00,-5.14,out,"CC MANDIRI SEKURITAS, PT",BINSAR PARASIAN SIMORANGKIR
2026-09-21,2026-09-22,HEAL,"MEDIKALOKA HERMINA Tbk, PT",DR HASMORO,L,INDONESIA,776984189,0,-776984189,-100.00,5.06,0.00,-5.06,out,"NI BNI SEKURITAS, PT | CC MANDIRI SEKURITAS, PT",HASMORO
2026-09-21,2026-09-22,HEAL,"MEDIKALOKA HERMINA Tbk, PT",HASMORO,L,INDONESIA,0,776984189,776984189,,0.00,5.06,5.06,in,"NI BNI SEKURITAS, PT | CC MANDIRI SEKURITAS, PT",DR HASMORO
2026-09-21,2026-09-22,HEAL,"MEDIKALOKA HERMINA Tbk, PT",YULISAR K,L,INDONESIA,994961466,0,-994961466,-100.00,6.48,0.00,-6.48,out,"OD BRI DANAREKSA SEKURITAS, PT | CC MANDIRI SEKURITAS, PT",YULISAR KHIAT
2026-09-21,2026-09-22,HEAL,"MEDIKALOKA HERMINA Tbk, PT",YULISAR KHIAT,L,INDONESIA,0,994961466,994961466,,0.00,6.48,6.48,in,"OD BRI DANAREKSA SEKURITAS, PT | CC MANDIRI SEKURITAS, PT",YULISAR K
2026-09-21,2026-09-22,HYGN,"ECOCARE INDO PASIFIK Tbk, PT",PERSHING LLC MAIN CUSTODY ACCOUNT,A,UNITED STATES,188665600,190536400,1870800,0.99,7.47,7.55,0.08,up,"CITIBANK, N. A",
2026-09-21,2026-09-22,ICON,"ISLAND CONCEPTS INDONESIA Tbk, PT",ANASTASIA SULISTYAWATI,L,INDONESIA,0,170892352,170892352,,0.00,15.68,15.68,in,BR PT TRUST SEKURITAS,PROF DR IR ANASTASIA SULISTYAWATI M S M M D TH
2026-09-21,2026-09-22,ICON,"ISLAND CONCEPTS INDONESIA Tbk, PT","PROF.DR.IR. ANASTASIA SULISTYAWATI, M.S., M.M., D.TH",L,INDONESIA,170892352,0,-170892352,-100.00,15.68,0.00,-15.68,out,BR PT TRUST SEKURITAS,ANASTASIA SULISTYAWATI
2026-09-21,2026-09-22,IMPC,"IMPACK PRATAMA INDUSTRI Tbk, PT",TUNGGAL JAYA INVESTAMA PT,L,INDONESIA,5185977194,5189111294,3134100,0.06,9.45,9.45,0.00,up,SQ PT BCA SEKURITAS | BB PT VERDHANA SEKURITAS INDONESIA,
2026-09-21,2026-09-22,IPOL,"INDOPOLY SWAKARSA INDUSTRY Tbk, PT",PT. HOKI INVESTASI SEJATI,L,INDONESIA,334480000,334563500,83500,0.02,5.19,5.19,0.00,up,AF PT HARITA KENCANA SEKURITAS,
2026-09-21,2026-09-22,ITMG,"INDO TAMBANGRAYA MEGAH Tbk, PT",PT INDO TAMBANGRAYA MEGAH TBK,L,INDONESIA,57648500,58908500,1260000,2.19,5.10,5.21,0.11,up,"NI BNI SEKURITAS, PT",
2026-09-21,2026-09-22,JECX,"NITRASANATA DHARMA Tbk, PT",SARANA MEDITAMA METROPOLITAN TBK PT,L,INDONESIA,1072500000,1073674500,1174500,0.11,32.97,33.00,0.03,up,LG PT. TRIMEGAH SEKURITAS INDONESIA TBK,
2026-09-21,2026-09-22,KOPI,"MITRA ENERGI PERSADA Tbk, PT",PT. GLOBAL PERKASA INVESTINDO,L,INDONESIA,45700700,44905300,-795400,-1.74,6.55,6.44,-0.11,down,"GR PANIN SEKURITAS Tbk, PT",
2026-09-21,2026-09-22,LMAS,"LIMAS INDONESIA MAKMUR Tbk, PT",ITEK BACHTIAR,L,INDONESIA,0,56957850,56957850,,0.00,7.23,7.23,in,KI PT CIPTADANA SEKURITAS ASIA,UOB KAY HIAN HONG KONG PLEDGE ACCOUNT MADISON PACIFIC TRUST OBO ITEK BACHTIAR
2026-09-21,2026-09-22,LMAS,"LIMAS INDONESIA MAKMUR Tbk, PT",UOB KAY HIAN (HONG KONG) LTD (PLEDGE ACCOUNT) - MADISON PACIFIC TRUST LTD OBO ITEK BACHTIAR,L,INDONESIA,56957850,0,-56957850,-100.00,7.23,0.00,-7.23,out,KI PT CIPTADANA SEKURITAS ASIA,ITEK BACHTIAR
2026-09-21,2026-09-22,LOPI,"LOGISTICSPLUS INTERNATIONAL Tbk, PT",TJEUW HERYANTO,L,,71935700,71209400,-726300,-1.01,6.54,6.47,-0.07,down,SQ PT BCA SEKURITAS,
2026-09-21,2026-09-22,LPLI,"STAR PACIFIC Tbk, PT",HX TRADING LIMITED,A,"VIRGIN ISLANDS, BRITISH",206701767,206661767,-40000,-0.02,17.66,17.66,0.00,down,IU PT INDO CAPITAL SEKURITAS,
2026-09-21,2026-09-22,MAPI,"MITRA ADIPERKASA Tbk, PT",SAMUDRA (INVESTMENT) PTE.LTD,A,SINGAPORE,4997402500,5010947300,13544800,0.27,30.10,30.19,0.09,up,PD PT INDO PREMIER SEKURITAS,
2026-09-21,2026-09-22,MDIY,"DAYA INTIGUNA YASA Tbk, PT",TAN YU WEI,A,MALAYSIA,1434668500,1434728500,60000,0.00,5.70,5.70,0.00,up,BUT. STANDARD CHARTERED BANK,
2026-09-21,2026-09-22,MGLV,"NEXAI DIGITAL INFRASTRUKTUR Tbk, PT",NEXTIER DATAMATE CENTER PT,L,INDONESIA,1194603500,1194500000,-103500,-0.01,62.71,62.71,0.00,down,LG PT. TRIMEGAH SEKURITAS INDONESIA TBK,
2026-09-21,2026-09-22,MKPI,METROPOLITAN KENTJANA Tbk. PT,PT. SAMUEL TUMBUH BERSAMA,L,INDONESIA,56800000,0,-56800000,-100.00,5.99,0.00,-5.99,out,"GR PANIN SEKURITAS Tbk, PT | IF SAMUEL SEKURITAS INDONESIA, PT",
2026-09-21,2026-09-22,MMIX,"MULTI MEDIKA INTERNASIONAL Tbk, PT",PT MULTI INTI USAHA,L,INDONESIA,2721651700,2714961800,-6689900,-0.25,56.70,56.56,-0.14,down,XC PT AJAIB SEKURITAS ASIA | AG PT KIWOOM SEKURITAS INDONESIA | YB PT Yakin Bertumbuh Sekuritas | LG PT. TRIMEGAH SEKURITAS INDONESIA TBK,
2026-09-21,2026-09-22,MNCN,"MEDIA NUSANTARA CITRA Tbk, PT",PT GLOBAL MEDIACOM TBK,L,INDONESIA,5783042156,5754142156,-28900000,-0.50,38.43,38.23,-0.20,down,EP PT MNC SEKURITAS,
2026-09-21,2026-09-22,MPRO,"MAHA PROPERTI INDONESIA Tbk, PT",TAHIR,L,INDONESIA,1042820263,1040320263,-2500000,-0.24,10.49,10.46,-0.03,down,ID PT Anugerah Sekuritas Indonesia,
2026-09-21,2026-09-22,NSSS,"NUSANTARA SAWIT SEJAHTERA Tbk, PT",PT NUSANTARA MAKMUR LESTARI,L,INDONESIA,2250935000,2250899200,-35800,-0.00,9.46,9.46,0.00,down,"GR PANIN SEKURITAS Tbk, PT",
2026-09-21,2026-09-22,NSSS,"NUSANTARA SAWIT SEJAHTERA Tbk, PT",SAMUEL INTERNATIONAL,L,INDONESIA,3071055500,3605232000,534176500,17.39,12.90,15.15,2.25,up,"GR PANIN SEKURITAS Tbk, PT",
2026-09-21,2026-09-22,NSSS,"NUSANTARA SAWIT SEJAHTERA Tbk, PT",PT SAMUEL SEKURITAS INDONESIA,L,INDONESIA,3709040500,5151407000,1442366500,38.89,15.58,21.64,6.06,up,"IF SAMUEL SEKURITAS INDONESIA, PT",
2026-09-21,2026-09-22,NSSS,"NUSANTARA SAWIT SEJAHTERA Tbk, PT",PT. SAMUEL TUMBUH BERSAMA,L,INDONESIA,7686357300,5846916900,-1839440400,-23.93,32.29,24.57,-7.72,down,"IF SAMUEL SEKURITAS INDONESIA, PT",
2026-09-21,2026-09-22,OBMD,"OBM DRILCHEM Tbk, PT",HENDRA,L,INDONESIA,76235300,0,-76235300,-100.00,9.46,0.00,-9.46,out,LG PT. TRIMEGAH SEKURITAS INDONESIA TBK,
2026-09-21,2026-09-22,OBMD,"OBM DRILCHEM Tbk, PT",PT. SURYAPRANA NUTRISINDO,L,INDONESIA,0,66578900,66578900,,0.00,8.26,8.26,in,LG PT. TRIMEGAH SEKURITAS INDONESIA TBK,
2026-09-21,2026-09-22,PPGL,"PRIMA GLOBALINDO LOGISTIK Tbk, PT",JAP ASTRID PATRICIA,L,INDONESIA,137440954,0,-137440954,-100.00,17.82,0.00,-17.82,out,XA PT NH KORINDO SEKURITAS INDONESIA,
2026-09-21,2026-09-22,PRDA,"PRODIA WIDYAHUSADA Tbk, PT",PT PRODIA WIDYAHUSADA TBK,L,INDONESIA,59125300,59464100,338800,0.57,6.31,6.34,0.03,up,PT BANK DBS INDONESIA,
2026-09-21,2026-09-22,RLCO,"ABADI LESTARI INDONESIA Tbk, PT",PT SAMUEL SEKURITAS INDONESIA,L,INDONESIA,165263200,205334300,40071100,24.25,5.29,6.57,1.28,up,"IF SAMUEL SEKURITAS INDONESIA, PT",
2026-09-21,2026-09-22,RLCO,"ABADI LESTARI INDONESIA Tbk, PT",PT. SAMUEL TUMBUH BERSAMA,L,INDONESIA,290000000,0,-290000000,-100.00,9.28,0.00,-9.28,out,"IF SAMUEL SEKURITAS INDONESIA, PT",
2026-09-21,2026-09-22,SAFE,"STEADY SAFE Tbk, PT","Infiniti Wahana, PT",L,INDONESIA,457104613,456810313,-294300,-0.06,55.66,55.63,-0.03,down,MG PT SEMESTA INDOVEST SEKURITAS,
2026-09-21,2026-09-22,SMLE,"SINERGI MULTI LESTARINDO Tbk, PT",SINERGI ASIA CORPORINDO PT,L,INDONESIA,1311470200,1309110200,-2360000,-0.18,56.33,56.23,-0.10,down,BR PT TRUST SEKURITAS,
2026-09-21,2026-09-22,SMMA,"SINAR MAS MULTIARTHA Tbk, PT",SINAR MAS CAKRAWALA,L,INDONESIA,3170204998,3171446820,1241822,0.04,49.79,49.81,0.02,up,"DH SINARMAS SEKURITAS, PT",
2026-09-21,2026-09-22,SPRE,"SORAYA BERJAYA INDONESIA Tbk, PT",MOCH ADHI PAMUNGKAS,L,INDONESIA,44133300,40245000,-3888300,-8.81,5.52,5.03,-0.49,down,"NI BNI SEKURITAS, PT",
2026-09-21,2026-09-22,SQMI,"WILTON MAKMUR INDONESIA Tbk, PT",CGS INTERNATIONAL SECURITIES SINGAPORE PTE LTD,A,SINGAPORE,2417224429,2324967729,-92256700,-3.82,15.56,14.96,-0.60,down,YU PT CGS International Sekuritas Indonesia,
2026-09-21,2026-09-22,SRTG,"SARATOGA INVESTAMA SEDAYA Tbk, PT",EDWIN SOERYADJAYA,L,INDONESIA,4875769190,4876109190,340000,0.01,35.94,35.95,0.01,up,XL PT. STOCKBIT SEKURITAS DIGITAL,
2026-09-21,2026-09-22,SRTG,"SARATOGA INVESTAMA SEDAYA Tbk, PT",SANDIAGA SALAHUDDIN UNO,L,INDONESIA,2917827145,0,-2917827145,-100.00,21.51,0.00,-21.51,out,"CITIBANK, N. A | XL PT. STOCKBIT SEKURITAS DIGITAL",UNU SANDIAGA SALAHUDDIN
2026-09-21,2026-09-22,SRTG,"SARATOGA INVESTAMA SEDAYA Tbk, PT","UNU,SANDIAGA SALAHUDDIN",L,INDONESIA,0,2917827145,2917827145,,0.00,21.51,21.51,in,"CITIBANK, N. A | XL PT. STOCKBIT SEKURITAS DIGITAL",SANDIAGA SALAHUDDIN UNO
2026-09-21,2026-09-22,SURI,"MAJA AGUNG LATEXINDO Tbk, PT",HANSEN JAP,L,INDONESIA,5467864300,5467882300,18000,0.00,86.32,86.32,0.00,up,"CC MANDIRI SEKURITAS, PT",
2026-09-21,2026-09-22,TCPI,"TRANSCOAL PACIFIC Tbk, PT",CGS INTERNATIONAL SEKURITAS INDONESIA,L,INDONESIA,254365804,274365504,19999700,7.86,5.09,5.49,0.40,up,YU PT CGS International Sekuritas Indonesia,
2026-09-21,2026-09-22,TLKM,"TELKOM INDONESIA (PERSERO) Tbk, PT",THE BANK OF NEW YORK MELLON,A,UNITED STATES,6247053980,6241053980,-6000000,-0.10,6.31,6.30,-0.01,down,PT Bank HSBC Indonesia,
2026-09-21,2026-09-22,TRIN,"PERINTIS TRINITI PROPERTI Tbk, PT",PT INTAN INVESTAMA INTERNASIONAL,L,INDONESIA,1231574500,1221574500,-10000000,-0.81,27.06,26.84,-0.22,down,YP PT MIRAE ASSET SEKURITAS INDONESIA,
2026-09-21,2026-09-22,TRIN,"PERINTIS TRINITI PROPERTI Tbk, PT",PT KUNCI DAUD INDONESIA,L,INDONESIA,1618738000,1608738000,-10000000,-0.62,35.57,35.35,-0.22,down,YP PT MIRAE ASSET SEKURITAS INDONESIA,
2026-09-21,2026-09-22,TRIN,"PERINTIS TRINITI PROPERTI Tbk, PT",PT PANCA MUARA JAYA,L,INDONESIA,264109000,264009000,-100000,-0.04,5.80,5.80,0.00,down,YP PT MIRAE ASSET SEKURITAS INDONESIA,
2026-09-21,2026-09-22,TRST,"TRIAS SENTOSA Tbk, PT","PRIMA POLYCON INDAH, PT.",L,INDONESIA,164180260,164187760,7500,0.00,5.85,5.85,0.00,up,AZ PT SUCOR SEKURITAS,
2026-09-21,2026-09-22,UNTR,"UNITED TRACTORS Tbk, PT",PT UNITED TRACTORS TBK,L,INDONESIA,293053800,294568500,1514700,0.52,7.86,7.90,0.04,up,"BANK RAKYAT INDONESIA (PERSERO), PT",
2026-09-21,2026-09-22,WINR,"WINNER NUSANTARA JAYA Tbk, PT",PT. PEMENANG NUSANTARA INTERNASIONAL,L,INDONESIA,2455664400,2424664400,-31000000,-1.26,46.91,46.31,-0.60,down,AZ PT SUCOR SEKURITAS,
2026-09-21,2026-09-22,ZINC,"KAPUAS PRIMA COAL Tbk, PT",BUDI MULIO UTOMO WM CL,L,INDONESIA,0,2562000000,2562000000,,0.00,10.15,10.15,in,"BANK MANDIRI, PT - CUSTODY",BUDIMULIO UTOMO
2026-09-21,2026-09-22,ZINC,"KAPUAS PRIMA COAL Tbk, PT",BUDIMULIO UTOMO,L,INDONESIA,2562000000,0,-2562000000,-100.00,10.15,0.00,-10.15,out,"BANK MANDIRI, PT - CUSTODY",BUDI MULIO UTOMO WM CL
2026-09-21,2026-09-22,ZINC,"KAPUAS PRIMA COAL Tbk, PT",KIOE NATA,L,INDONESIA,3113992000,0,-3113992000,-100.00,12.33,0.00,-12.33,out,"BANK MANDIRI, PT - CUSTODY",KIOE NATA WM CLIENT
2026-09-21,2026-09-22,ZINC,"KAPUAS PRIMA COAL Tbk, PT",KIOE NATA WM CLIENT,L,INDONESIA,0,3113992000,3113992000,,0.00,12.33,12.33,in,"BANK MANDIRI, PT - CUSTODY",KIOE NATA
2026-09-21,2026-09-22,ZINC,"KAPUAS PRIMA COAL Tbk, PT",SIM ANTONY,L,INDONESIA,3639992000,0,-3639992000,-100.00,14.42,0.00,-14.42,out,"BANK MANDIRI, PT - CUSTODY",SIM ANTONY WM CLIENT
2026-09-21,2026-09-22,ZINC,"KAPUAS PRIMA COAL Tbk, PT",SIM ANTONY WM CLIENT,L,INDONESIA,0,3639992000,3639992000,,0.00,14.42,14.42,in,"BANK MANDIRI, PT - CUSTODY",SIM ANTONY
2026-09-21,2026-09-22,ZINC,"KAPUAS PRIMA COAL Tbk, PT",WILLIAM,L,INDONESIA,2314000000,0,-2314000000,-100.00,9.16,0.00,-9.16,out,"BANK MANDIRI, PT - CUSTODY",WILLIAM WM CL
2026-09-21,2026-09-22,ZINC,"KAPUAS PRIMA COAL Tbk, PT",WILLIAM WM CL,L,INDONESIA,0,2314000000,2314000000,,0.00,9.16,9.16,in,"BANK MANDIRI, PT - CUSTODY",WILLIAM
2026-09-22,2026-09-23,ABDA,"ASURANSI BINA DANA ARTA Tbk, PT",OONA INDONESIA PTE LTD,A,SINGAPORE,538624104,538619904,-4200,-0.00,86.76,86.76,0.00,down,"CC MANDIRI SEKURITAS, PT",
2026-09-22,2026-09-23,ALKA,"ALAKASA INDUSTRINDO Tbk, PT",PT GESIT PERKASA,L,INDONESIA,0,352108805,352108805,,0.00,69.36,69.36,in,HP PT HENAN PUTIHRAI SEKURITAS,
2026-09-22,2026-09-23,ARNA,"ARWANA CITRAMULIA Tbk, PT","PT ARWANA CITRAMULIA, Tbk",L,INDONESIA,384267800,384717800,450000,0.12,5.23,5.24,0.01,up,DR PT RHB SEKURITAS INDONESIA,
2026-09-22,2026-09-23,BEEF,"ESTIKA TATA TIARA Tbk, PT",DIMAS WIBOWO,L,INDONESIA,699239142,699569542,330400,0.05,8.61,8.62,0.01,up,SQ PT BCA SEKURITAS,
2026-09-22,2026-09-23,BMTR,"GLOBAL MEDIACOM Tbk, PT",PT MNC ASIA HOLDING TBK,L,INDONESIA,5691534300,5691534300,0,0.00,34.32,34.32,0.00,shuffle,EP PT MNC SEKURITAS | HD PT. KGI Sekuritas Indonesia,
2026-09-22,2026-09-23,BNBR,"BAKRIE & BROTHERS Tbk, PT",LEVOCA ENTERPRISE LTD,A,MARSHALL ISLANDS,23898722798,20125137894,-3773584904,-15.79,9.08,7.64,-1.44,down,LG PT. TRIMEGAH SEKURITAS INDONESIA TBK,
2026-09-22,2026-09-23,BSML,"BINTANG SAMUDERA MANDIRI LINES Tbk, PT",PT GOLDFIVE INVESTMENT CAPITAL,L,INDONESIA,670177665,673477665,3300000,0.49,36.22,36.40,0.18,up,FS PT YUANTA SEKURITAS INDONESIA,
2026-09-22,2026-09-23,CYBR,"ITSEC ASIA Tbk, PT",MB INVESTMENT MANAGEMENT PTE.LTD.,A,SINGAPORE,3531211614,3531011614,-200000,-0.01,26.18,26.18,0.00,down,TP PT OCBC SEKURITAS INDONESIA,
2026-09-22,2026-09-23,DEWI,"DEWI SHRI FARMINDO Tbk, PT",SUJITO NGATIMAN,L,INDONESIA,150564700,159063800,8499100,5.64,7.53,7.95,0.42,up,XA PT NH KORINDO SEKURITAS INDONESIA,
2026-09-22,2026-09-23,DGIK,"NUSA KONSTRUKSI ENJINIRING Tbk, PT",OCBC SECURITIES PRIVATE LIMITED,A,SINGAPORE,536708200,536658200,-50000,-0.01,9.69,9.68,-0.01,down,"CITIBANK, N. A",
2026-09-22,2026-09-23,DILD,"INTILAND DEVELOPMENT Tbk, PT",DRS LO KHENG HONG,L,INDONESIA,781596600,783596600,2000000,0.26,7.54,7.56,0.02,up,"DH SINARMAS SEKURITAS, PT",
2026-09-22,2026-09-23,EMMI,"ESA MEDIKA MANDIRI Tbk, PT",PT YULIE SEKURITAS INDONESIA TBK,L,INDONESIA,177566300,178048500,482200,0.27,10.19,10.22,0.03,up,RS PT YULIE SEKURITAS INDONESIA TBK,
2026-09-22,2026-09-23,ENRG,"ENERGI MEGA PERSADA Tbk, PT",PT MAYBANK SEKURITAS INDONESIA - REGISTRAR,L,INDONESIA,2255833400,2255841400,8000,0.00,8.49,8.49,0.00,up,ZP PT MAYBANK SEKURITAS INDONESIA,
2026-09-22,2026-09-23,ENRG,"ENERGI MEGA PERSADA Tbk, PT",PT SHIMA GLOBAL KAPITAL,L,INDONESIA,4661422413,4661422413,0,0.00,17.55,17.55,0.00,shuffle,PT BANK DBS INDONESIA | CP PT KB VALBURY SEKURITAS,
2026-09-22,2026-09-23,FILM,"MD ENTERTAINMENT Tbk, PT",MORGAN STANLEY AND CO INTERNATIONAL PLC,A,UNITED KINGDOM,1140404802,1140410502,5700,0.00,10.47,10.47,0.00,up,PT Bank HSBC Indonesia,
2026-09-22,2026-09-23,FUJI,"FUJI FINANCE INDONESIA Tbk, PT",JEFRI NEDI,L,INDONESIA,110639500,109951400,-688100,-0.62,8.51,8.46,-0.05,down,CP PT KB VALBURY SEKURITAS,
2026-09-22,2026-09-23,GPRA,"PERDANA GAPURAPRIMA Tbk, PT","ABADIMUKTI GUNALESTARI, PT",L,INDONESIA,1951663320,1955571720,3908400,0.20,45.64,45.73,0.09,up,ZP PT MAYBANK SEKURITAS INDONESIA | XA PT NH KORINDO SEKURITAS INDONESIA,
2026-09-22,2026-09-23,GPRA,"PERDANA GAPURAPRIMA Tbk, PT",ADITYA ANTONIUS,L,INDONESIA,220932700,221875400,942700,0.43,5.17,5.19,0.02,up,"OD BRI DANAREKSA SEKURITAS, PT",
2026-09-22,2026-09-23,GPRA,"PERDANA GAPURAPRIMA Tbk, PT","KHARISMA ANDALAS PUTRA, PT",L,INDONESIA,0,213878234,213878234,,0.00,5.00,5.00,in,YP PT MIRAE ASSET SEKURITAS INDONESIA | XA PT NH KORINDO SEKURITAS INDONESIA,
2026-09-22,2026-09-23,HELI,"JAYA TRISHINDO Tbk, PT",PT. AVIA NUSANTARA KHATULISTIWA,L,INDONESIA,70179300,70168800,-10500,-0.01,8.43,8.43,0.00,down,AI PT KAY HIAN SEKURITAS,
2026-09-22,2026-09-23,HYGN,"ECOCARE INDO PASIFIK Tbk, PT",PERSHING LLC MAIN CUSTODY ACCOUNT,A,UNITED STATES,190536400,198374600,7838200,4.11,7.55,7.86,0.31,up,"CITIBANK, N. A",
2026-09-22,2026-09-23,IMPC,"IMPACK PRATAMA INDUSTRI Tbk, PT",PT. HARIMAS TUNGGAL PERKASA,L,INDONESIA,11060175600,14060175600,3000000000,27.12,20.14,25.61,5.47,up,KI PT CIPTADANA SEKURITAS ASIA,
2026-09-22,2026-09-23,IMPC,"IMPACK PRATAMA INDUSTRI Tbk, PT",TUNGGAL JAYA INVESTAMA PT,L,INDONESIA,5189111294,5192302294,3191000,0.06,9.45,9.46,0.01,up,SQ PT BCA SEKURITAS,
2026-09-22,2026-09-23,IPOL,"INDOPOLY SWAKARSA INDUSTRY Tbk, PT",PT. HOKI INVESTASI SEJATI,L,INDONESIA,334563500,334664200,100700,0.03,5.19,5.19,0.00,up,AF PT HARITA KENCANA SEKURITAS,
2026-09-22,2026-09-23,ITMG,"INDO TAMBANGRAYA MEGAH Tbk, PT",PT INDO TAMBANGRAYA MEGAH TBK,L,INDONESIA,58908500,59474900,566400,0.96,5.21,5.26,0.05,up,"NI BNI SEKURITAS, PT",
2026-09-22,2026-09-23,JECX,"NITRASANATA DHARMA Tbk, PT",SARANA MEDITAMA METROPOLITAN TBK PT,L,INDONESIA,1073674500,1090350600,16676100,1.55,33.00,33.52,0.52,up,LG PT. TRIMEGAH SEKURITAS INDONESIA TBK,
2026-09-22,2026-09-23,KOPI,"MITRA ENERGI PERSADA Tbk, PT",PT. GLOBAL PERKASA INVESTINDO,L,INDONESIA,44905300,44569400,-335900,-0.75,6.44,6.39,-0.05,down,"GR PANIN SEKURITAS Tbk, PT",
2026-09-22,2026-09-23,KPIG,"MNC TOURISM INDONESIA Tbk, PT",PT MNC ASIA HOLDING TBK,L,INDONESIA,18258747180,18012659880,-246087300,-1.35,17.01,16.79,-0.22,down,EP PT MNC SEKURITAS,
2026-09-22,2026-09-23,KPIG,"MNC TOURISM INDONESIA Tbk, PT",PT. MNC SEKURITAS,L,INDONESIA,20395650600,21103926200,708275600,3.47,19.00,19.66,0.66,up,EP PT MNC SEKURITAS,
2026-09-22,2026-09-23,KREN,"QUANTUM CLOVERA INVESTAMA Tbk, PT",PT KARUNIA PERDANA ISTENIA,L,INDONESIA,933400000,920463400,-12936600,-1.39,5.13,5.06,-0.07,down,"DH SINARMAS SEKURITAS, PT",
2026-09-22,2026-09-23,LOPI,"LOGISTICSPLUS INTERNATIONAL Tbk, PT",TJEUW HERYANTO,L,,71209400,74276000,3066600,4.31,6.47,6.75,0.28,up,SQ PT BCA SEKURITAS,
2026-09-22,2026-09-23,MAPI,"MITRA ADIPERKASA Tbk, PT",SAMUDRA (INVESTMENT) PTE.LTD,A,SINGAPORE,5010947300,5012954400,2007100,0.04,30.19,30.20,0.01,up,PD PT INDO PREMIER SEKURITAS,
2026-09-22,2026-09-23,MDIY,"DAYA INTIGUNA YASA Tbk, PT",MDIH (SINGAPORE) PTE. LTD.,A,SINGAPORE,8963594300,8963636100,41800,0.00,35.58,35.58,0.00,up,BUT. STANDARD CHARTERED BANK,
2026-09-22,2026-09-23,MDIY,"DAYA INTIGUNA YASA Tbk, PT",TAN YU WEI,A,MALAYSIA,1434728500,1434786100,57600,0.00,5.70,5.70,0.00,up,BUT. STANDARD CHARTERED BANK,
2026-09-22,2026-09-23,MMIX,"MULTI MEDIKA INTERNASIONAL Tbk, PT",PT MULTI INTI USAHA,L,INDONESIA,2714961800,2731869100,16907300,0.62,56.56,56.91,0.35,up,XA PT NH KORINDO SEKURITAS INDONESIA | YB PT Yakin Bertumbuh Sekuritas,
2026-09-22,2026-09-23,MNCN,"MEDIA NUSANTARA CITRA Tbk, PT",PT GLOBAL MEDIACOM TBK,L,INDONESIA,5754142156,5659416256,-94725900,-1.65,38.23,37.60,-0.63,down,EP PT MNC SEKURITAS,
2026-09-22,2026-09-23,MSIN,PT. MNC DIGITAL ENTERTAINMENT Tbk,"MEDIA NUSANTARA CITRA, PT",L,INDONESIA,4648297680,4561593180,-86704500,-1.87,7.66,7.52,-0.14,down,EP PT MNC SEKURITAS,
2026-09-22,2026-09-23,MSIN,PT. MNC DIGITAL ENTERTAINMENT Tbk,PT. MNC SEKURITAS,L,INDONESIA,10846815600,11142095200,295279600,2.72,17.88,18.36,0.48,up,EP PT MNC SEKURITAS,
2026-09-22,2026-09-23,NSSS,"NUSANTARA SAWIT SEJAHTERA Tbk, PT",RED DRAGON CAPITAL LTD,A,"VIRGIN ISLANDS, BRITISH",0,1231140550,1231140550,,0.00,5.17,5.17,in,"IF SAMUEL SEKURITAS INDONESIA, PT",
2026-09-22,2026-09-23,NSSS,"NUSANTARA SAWIT SEJAHTERA Tbk, PT",PT SAMUEL SEKURITAS INDONESIA,L,INDONESIA,5151407000,5358739600,207332600,4.02,21.64,22.51,0.87,up,"IF SAMUEL SEKURITAS INDONESIA, PT",
2026-09-22,2026-09-23,NSSS,"NUSANTARA SAWIT SEJAHTERA Tbk, PT",PT. SAMUEL TUMBUH BERSAMA,L,INDONESIA,5846916900,3855673100,-1991243800,-34.06,24.57,16.20,-8.37,down,"IF SAMUEL SEKURITAS INDONESIA, PT",
2026-09-22,2026-09-23,PRDA,"PRODIA WIDYAHUSADA Tbk, PT",PT PRODIA WIDYAHUSADA TBK,L,INDONESIA,59464100,59872000,407900,0.69,6.34,6.39,0.05,up,PT BANK DBS INDONESIA,
2026-09-22,2026-09-23,RUNS,"GLOBAL SUKSES SOLUSI TBK, PT",SONY RACHMADI PURNOMO,L,INDONESIA,269105625,269347125,241500,0.09,27.36,27.38,0.02,up,"OD BRI DANAREKSA SEKURITAS, PT",
2026-09-22,2026-09-23,RUNS,"GLOBAL SUKSES SOLUSI TBK, PT",TAN KIAN GEE,L,INDONESIA,269043575,269127775,84200,0.03,27.35,27.36,0.01,up,"OD BRI DANAREKSA SEKURITAS, PT",
2026-09-22,2026-09-23,SMLE,"SINERGI MULTI LESTARINDO Tbk, PT",SINERGI ASIA CORPORINDO PT,L,INDONESIA,1309110200,1302620200,-6490000,-0.50,56.23,55.95,-0.28,down,BR PT TRUST SEKURITAS,
2026-09-22,2026-09-23,SMMA,"SINAR MAS MULTIARTHA Tbk, PT",SINAR MAS CAKRAWALA,L,INDONESIA,3171446820,3171243880,-202940,-0.01,49.81,49.80,-0.01,down,"DH SINARMAS SEKURITAS, PT",
2026-09-22,2026-09-23,SPRE,"SORAYA BERJAYA INDONESIA Tbk, PT",MOCH ADHI PAMUNGKAS,L,INDONESIA,40245000,40245100,100,0.00,5.03,5.03,0.00,up,"NI BNI SEKURITAS, PT",
2026-09-22,2026-09-23,SQMI,"WILTON MAKMUR INDONESIA Tbk, PT",CGS INTERNATIONAL SECURITIES SINGAPORE PTE LTD,A,SINGAPORE,2324967729,2277967729,-47000000,-2.02,14.96,14.66,-0.30,down,YU PT CGS International Sekuritas Indonesia,
2026-09-22,2026-09-23,SRTG,"SARATOGA INVESTAMA SEDAYA Tbk, PT",EDWIN SOERYADJAYA,L,INDONESIA,4876109190,4876599190,490000,0.01,35.95,35.95,0.00,up,XL PT. STOCKBIT SEKURITAS DIGITAL,
2026-09-22,2026-09-23,SURI,"MAJA AGUNG LATEXINDO Tbk, PT",HANSEN JAP,L,INDONESIA,5467882300,5469241400,1359100,0.02,86.32,86.34,0.02,up,"CC MANDIRI SEKURITAS, PT",
2026-09-22,2026-09-23,TLKM,"TELKOM INDONESIA (PERSERO) Tbk, PT",THE BANK OF NEW YORK MELLON,A,UNITED STATES,6241053980,6226053980,-15000000,-0.24,6.30,6.28,-0.02,down,PT Bank HSBC Indonesia,
2026-09-22,2026-09-23,TRST,"TRIAS SENTOSA Tbk, PT","PRIMA POLYCON INDAH, PT.",L,INDONESIA,164187760,164207760,20000,0.01,5.85,5.85,0.00,up,AZ PT SUCOR SEKURITAS,
2026-09-22,2026-09-23,UNTR,"UNITED TRACTORS Tbk, PT",PT UNITED TRACTORS TBK,L,INDONESIA,294568500,294890200,321700,0.11,7.90,7.91,0.01,up,"BANK RAKYAT INDONESIA (PERSERO), PT",
2026-09-22,2026-09-23,UVCR,"TRIMEGAH KARYA PRATAMA Tbk, PT",DENNY TRICAHYA KUSUMA,L,INDONESIA,101764227,0,-101764227,-100.00,5.09,0.00,-5.09,out,CP PT KB VALBURY SEKURITAS | KK PT PHILLIP SEKURITAS INDONESIA | SF PT SURYA FAJAR SEKURITAS,
2026-09-22,2026-09-23,WINS,"WINTERMAR OFFSHORE MARINE Tbk, PT",JOHNSON WILLIANG SUTJIPTO,L,,339531422,339275322,-256100,-0.08,7.51,7.50,-0.01,down,KI PT CIPTADANA SEKURITAS ASIA,
2026-09-22,2026-09-23,YULE,"YULIE SEKURITAS INDONESIA Tbk, PT",Sabrina Evelyn Elian,L,INDONESIA,92427916,92395416,-32500,-0.04,5.18,5.18,0.00,down,RB PT INA SEKURITAS INDONESIA,
2026-09-23,2026-09-24,ABDA,"ASURANSI BINA DANA ARTA Tbk, PT",OONA INDONESIA PTE LTD,A,SINGAPORE,538619904,538621704,1800,0.00,86.76,86.76,0.00,up,"CC MANDIRI SEKURITAS, PT",
2026-09-23,2026-09-24,AISA,"FKS FOOD SEJAHTERA Tbk, PT",PT PANGAN SEJAHTERA INVESTAMA,L,INDONESIA,5465725100,5471225100,5500000,0.10,58.70,58.76,0.06,up,YU PT CGS International Sekuritas Indonesia,
2026-09-23,2026-09-24,ARNA,"ARWANA CITRAMULIA Tbk, PT","PT ARWANA CITRAMULIA, Tbk",L,INDONESIA,384717800,386067800,1350000,0.35,5.24,5.26,0.02,up,DR PT RHB SEKURITAS INDONESIA,
2026-09-23,2026-09-24,BDKR,"BERDIKARI PONDASI PERKASA Tbk, PT","HARUNA BINOSWARA JAYA, PT",L,INDONESIA,284950800,277092100,-7858700,-2.76,6.03,5.86,-0.17,down,CP PT KB VALBURY SEKURITAS,
2026-09-23,2026-09-24,BEEF,"ESTIKA TATA TIARA Tbk, PT",DIMAS WIBOWO,L,INDONESIA,699569542,700119542,550000,0.08,8.62,8.62,0.00,up,SQ PT BCA SEKURITAS,
2026-09-23,2026-09-24,BIPI,"ASTRINDO NUSANTARA INFRASTRUKTUR Tbk , PT","INDOTAMBANG PERKASA, PT",L,INDONESIA,12352555813,13185555813,833000000,6.74,19.39,20.70,1.31,up,KI PT CIPTADANA SEKURITAS ASIA,
2026-09-23,2026-09-24,BMTR,"GLOBAL MEDIACOM Tbk, PT",PT MNC ASIA HOLDING TBK,L,INDONESIA,5691534300,5293861200,-397673100,-6.99,34.32,31.92,-2.40,down,CP PT KB VALBURY SEKURITAS | AG PT KIWOOM SEKURITAS INDONESIA | EP PT MNC SEKURITAS | HD PT. KGI Sekuritas Indonesia,
2026-09-23,2026-09-24,BNBR,"BAKRIE & BROTHERS Tbk, PT",PORT FRASER INTERNATIONAL LTD,A,MARSHALL ISLANDS,27857777917,24835389857,-3022388060,-10.85,10.58,9.43,-1.15,down,KI PT CIPTADANA SEKURITAS ASIA,
2026-09-23,2026-09-24,BSML,"BINTANG SAMUDERA MANDIRI LINES Tbk, PT","SANCA GRIYA MODALINDO, PT",L,INDONESIA,97819000,0,-97819000,-100.00,5.29,0.00,-5.29,out,CP PT KB VALBURY SEKURITAS,
2026-09-23,2026-09-24,CASS,"CAHAYA AERO SERVICES Tbk, PT",DRS SURONO SUBEKTI,L,INDONESIA,0,119266400,119266400,,0.00,5.71,5.71,in,RB PT INA SEKURITAS INDONESIA | BQ PT KOREA INVESTMENT AND SEKURITAS INDONESIA | YP PT MIRAE ASSET SEKURITAS INDONESIA | EP PT MNC SEKURITAS | LG PT. TRIMEGAH SEKURITAS INDONESIA TBK,SURONO SUBEKTI
2026-09-23,2026-09-24,CASS,"CAHAYA AERO SERVICES Tbk, PT",SURONO SUBEKTI,L,INDONESIA,119266400,0,-119266400,-100.00,5.71,0.00,-5.71,out,RB PT INA SEKURITAS INDONESIA | BQ PT KOREA INVESTMENT AND SEKURITAS INDONESIA | YP PT MIRAE ASSET SEKURITAS INDONESIA | EP PT MNC SEKURITAS | LG PT. TRIMEGAH SEKURITAS INDONESIA TBK,DRS SURONO SUBEKTI
2026-09-23,2026-09-24,DEFI,"DANASUPRA ERAPACIFIC Tbk, PT",TATANG TARYANA,L,INDONESIA,37641200,37823800,182600,0.49,5.48,5.50,0.02,up,XL PT. STOCKBIT SEKURITAS DIGITAL,
2026-09-23,2026-09-24,DEWI,"DEWI SHRI FARMINDO Tbk, PT",SUJITO NGATIMAN,L,INDONESIA,159063800,147354200,-11709600,-7.36,7.95,7.37,-0.58,down,XA PT NH KORINDO SEKURITAS INDONESIA,
2026-09-23,2026-09-24,DGWG,"DELTA GIRI WACANA Tbk, PT",PT AGRO JAYA MANDIRI,L,INDONESIA,295454545,0,-295454545,-100.00,5.02,0.00,-5.02,out,ZP PT MAYBANK SEKURITAS INDONESIA,
2026-09-23,2026-09-24,DGWG,"DELTA GIRI WACANA Tbk, PT",PT MAYBANK SEKURITAS INDONESIA - REGISTRAR,L,INDONESIA,454545455,688920455,234375000,51.56,7.73,11.71,3.98,up,ZP PT MAYBANK SEKURITAS INDONESIA,
2026-09-23,2026-09-24,DILD,"INTILAND DEVELOPMENT Tbk, PT",DRS LO KHENG HONG,L,INDONESIA,783596600,784896600,1300000,0.17,7.56,7.57,0.01,up,"DH SINARMAS SEKURITAS, PT",
2026-09-23,2026-09-24,EMMI,"ESA MEDIKA MANDIRI Tbk, PT",PT YULIE SEKURITAS INDONESIA TBK,L,INDONESIA,178048500,178817700,769200,0.43,10.22,10.26,0.04,up,RS PT YULIE SEKURITAS INDONESIA TBK,
2026-09-23,2026-09-24,FILM,"MD ENTERTAINMENT Tbk, PT",MORGAN STANLEY AND CO INTERNATIONAL PLC,A,UNITED KINGDOM,1140410502,1140414002,3500,0.00,10.47,10.47,0.00,up,PT Bank HSBC Indonesia,
2026-09-23,2026-09-24,FUJI,"FUJI FINANCE INDONESIA Tbk, PT",PT CHARNIC CAPITAL TBK,L,INDONESIA,108397000,108489700,92700,0.09,8.34,8.35,0.01,up,PD PT INDO PREMIER SEKURITAS,
2026-09-23,2026-09-24,GOTO,"GOTO GOJEK TOKOPEDIA Tbk, PT",MORGAN STANLEY AND CO INTERNATIONAL PLC,A,UNITED KINGDOM,64326696274,64291696274,-35000000,-0.05,5.40,5.40,0.00,down,PT Bank HSBC Indonesia,
2026-09-23,2026-09-24,GPRA,"PERDANA GAPURAPRIMA Tbk, PT","ABADIMUKTI GUNALESTARI, PT",L,INDONESIA,1955571720,1961801620,6229900,0.32,45.73,45.87,0.14,up,XA PT NH KORINDO SEKURITAS INDONESIA,
2026-09-23,2026-09-24,GPRA,"PERDANA GAPURAPRIMA Tbk, PT",ADITYA ANTONIUS,L,INDONESIA,221875400,230190400,8315000,3.75,5.19,5.38,0.19,up,"OD BRI DANAREKSA SEKURITAS, PT",
2026-09-23,2026-09-24,GPRA,"PERDANA GAPURAPRIMA Tbk, PT","KHARISMA ANDALAS PUTRA, PT",L,INDONESIA,213878234,214780034,901800,0.42,5.00,5.02,0.02,up,XA PT NH KORINDO SEKURITAS INDONESIA,
2026-09-23,2026-09-24,HELI,"JAYA TRISHINDO Tbk, PT",PT. AVIA NUSANTARA KHATULISTIWA,L,INDONESIA,70168800,70147800,-21000,-0.03,8.43,8.42,-0.01,down,AI PT KAY HIAN SEKURITAS,
2026-09-23,2026-09-24,HYGN,"ECOCARE INDO PASIFIK Tbk, PT",PERSHING LLC MAIN CUSTODY ACCOUNT,A,UNITED STATES,198374600,214490500,16115900,8.12,7.86,8.49,0.63,up,"CITIBANK, N. A",
2026-09-23,2026-09-24,IMPC,"IMPACK PRATAMA INDUSTRI Tbk, PT",PT. HARIMAS TUNGGAL PERKASA,L,INDONESIA,14060175600,14060175600,0,0.00,25.61,25.61,0.00,shuffle,BUT DEUTSCHE BANK AG | KI PT CIPTADANA SEKURITAS ASIA,
2026-09-23,2026-09-24,IMPC,"IMPACK PRATAMA INDUSTRI Tbk, PT",TUNGGAL JAYA INVESTAMA PT,L,INDONESIA,5192302294,5197715494,5413200,0.10,9.46,9.47,0.01,up,SQ PT BCA SEKURITAS,
2026-09-23,2026-09-24,ITMG,"INDO TAMBANGRAYA MEGAH Tbk, PT",PT INDO TAMBANGRAYA MEGAH TBK,L,INDONESIA,59474900,60162600,687700,1.16,5.26,5.32,0.06,up,"NI BNI SEKURITAS, PT",
2026-09-23,2026-09-24,JECX,"NITRASANATA DHARMA Tbk, PT",SARANA MEDITAMA METROPOLITAN TBK PT,L,INDONESIA,1090350600,1105443200,15092600,1.38,33.52,33.98,0.46,up,LG PT. TRIMEGAH SEKURITAS INDONESIA TBK,
2026-09-23,2026-09-24,KBAG,"KARYA BERSAMA ANUGERAH Tbk, PT",SALIM LIM,L,INDONESIA,740535200,740685200,150000,0.02,10.36,10.36,0.00,up,"NI BNI SEKURITAS, PT",
2026-09-23,2026-09-24,KPIG,"MNC TOURISM INDONESIA Tbk, PT",PT MNC ASIA HOLDING TBK,L,INDONESIA,18012659880,17911767380,-100892500,-0.56,16.79,16.69,-0.10,down,AG PT KIWOOM SEKURITAS INDONESIA | EP PT MNC SEKURITAS,
2026-09-23,2026-09-24,KPIG,"MNC TOURISM INDONESIA Tbk, PT",PT. MNC SEKURITAS,L,INDONESIA,21103926200,20987786200,-116140000,-0.55,19.66,19.56,-0.10,down,EP PT MNC SEKURITAS,
2026-09-23,2026-09-24,KREN,"QUANTUM CLOVERA INVESTAMA Tbk, PT",PT KARUNIA PERDANA ISTENIA,L,INDONESIA,920463400,0,-920463400,-100.00,5.06,0.00,-5.06,out,"DH SINARMAS SEKURITAS, PT",
2026-09-23,2026-09-24,LOPI,"LOGISTICSPLUS INTERNATIONAL Tbk, PT",TJEUW HERYANTO,L,,74276000,74747800,471800,0.64,6.75,6.80,0.05,up,SQ PT BCA SEKURITAS,
2026-09-23,2026-09-24,LPLI,"STAR PACIFIC Tbk, PT",HX TRADING LIMITED,A,"VIRGIN ISLANDS, BRITISH",206661767,206642667,-19100,-0.01,17.66,17.66,0.00,down,IU PT INDO CAPITAL SEKURITAS,
2026-09-23,2026-09-24,MAPI,"MITRA ADIPERKASA Tbk, PT",SAMUDRA (INVESTMENT) PTE.LTD,A,SINGAPORE,5012954400,5015700000,2745600,0.05,30.20,30.22,0.02,up,PD PT INDO PREMIER SEKURITAS,
2026-09-23,2026-09-24,MDIY,"DAYA INTIGUNA YASA Tbk, PT",TAN YU WEI,A,MALAYSIA,1434786100,1434846100,60000,0.00,5.70,5.70,0.00,up,BUT. STANDARD CHARTERED BANK,
2026-09-23,2026-09-24,MICE,"MULTI INDOCITRA Tbk, PT",UOB KAY HIAN CREDIT PTE LTD A/C PT BUANA GRAHA UTAMA,L,INDONESIA,291578518,291591718,13200,0.00,48.60,48.60,0.00,up,"DH SINARMAS SEKURITAS, PT",
2026-09-23,2026-09-24,MMIX,"MULTI MEDIKA INTERNASIONAL Tbk, PT",PT MULTI INTI USAHA,L,INDONESIA,2731869100,2743242100,11373000,0.42,56.91,57.15,0.24,up,XA PT NH KORINDO SEKURITAS INDONESIA | LG PT. TRIMEGAH SEKURITAS INDONESIA TBK,
2026-09-23,2026-09-24,MNCN,"MEDIA NUSANTARA CITRA Tbk, PT",PT GLOBAL MEDIACOM TBK,L,INDONESIA,5659416256,5345423656,-313992600,-5.55,37.60,35.52,-2.08,down,EP PT MNC SEKURITAS | XA PT NH KORINDO SEKURITAS INDONESIA,
2026-09-23,2026-09-24,MPRO,"MAHA PROPERTI INDONESIA Tbk, PT",TAHIR,L,INDONESIA,1040320263,1037820263,-2500000,-0.24,10.46,10.44,-0.02,down,ID PT Anugerah Sekuritas Indonesia,
2026-09-23,2026-09-24,MSIN,PT. MNC DIGITAL ENTERTAINMENT Tbk,PT. MNC SEKURITAS,L,INDONESIA,11142095200,12459599400,1317504200,11.82,18.36,20.54,2.18,up,EP PT MNC SEKURITAS,
2026-09-23,2026-09-24,NSSS,"NUSANTARA SAWIT SEJAHTERA Tbk, PT",RED DRAGON CAPITAL LTD,A,"VIRGIN ISLANDS, BRITISH",1231140550,0,-1231140550,-100.00,5.17,0.00,-5.17,out,"IF SAMUEL SEKURITAS INDONESIA, PT",
2026-09-23,2026-09-24,OBAT,"BRIGIT BIOFARMAKA TEKNOLOGI Tbk, PT",DRS SURONO SUBEKTI,L,INDONESIA,0,99162500,99162500,,0.00,14.57,14.57,in,RB PT INA SEKURITAS INDONESIA | BQ PT KOREA INVESTMENT AND SEKURITAS INDONESIA | YP PT MIRAE ASSET SEKURITAS INDONESIA | EP PT MNC SEKURITAS | LG PT. TRIMEGAH SEKURITAS INDONESIA TBK,SURONO SUBEKTI
2026-09-23,2026-09-24,OBAT,"BRIGIT BIOFARMAKA TEKNOLOGI Tbk, PT",SURONO SUBEKTI,L,INDONESIA,99162500,0,-99162500,-100.00,14.57,0.00,-14.57,out,RB PT INA SEKURITAS INDONESIA | BQ PT KOREA INVESTMENT AND SEKURITAS INDONESIA | YP PT MIRAE ASSET SEKURITAS INDONESIA | EP PT MNC SEKURITAS | LG PT. TRIMEGAH SEKURITAS INDONESIA TBK,DRS SURONO SUBEKTI
2026-09-23,2026-09-24,PRDA,"PRODIA WIDYAHUSADA Tbk, PT",PT PRODIA WIDYAHUSADA TBK,L,INDONESIA,59872000,60269800,397800,0.66,6.39,6.43,0.04,up,PT BANK DBS INDONESIA,
2026-09-23,2026-09-24,SMLE,"SINERGI MULTI LESTARINDO Tbk, PT",SINERGI ASIA CORPORINDO PT,L,INDONESIA,1302620200,1300770200,-1850000,-0.14,55.95,55.87,-0.08,down,BR PT TRUST SEKURITAS,
2026-09-23,2026-09-24,SMMA,"SINAR MAS MULTIARTHA Tbk, PT",SINAR MAS CAKRAWALA,L,INDONESIA,3171243880,3169376861,-1867019,-0.06,49.80,49.77,-0.03,down,"DH SINARMAS SEKURITAS, PT",
2026-09-23,2026-09-24,SRTG,"SARATOGA INVESTAMA SEDAYA Tbk, PT",EDWIN SOERYADJAYA,L,INDONESIA,4876599190,4876929190,330000,0.01,35.95,35.95,0.00,up,XL PT. STOCKBIT SEKURITAS DIGITAL,
2026-09-23,2026-09-24,SSIA,"SURYA SEMESTA INTERNUSA Tbk, PT",PT HENAN PUTIHRAI ASSET MANAGEMENT,L,INDONESIA,619047100,620047100,1000000,0.16,13.16,13.18,0.02,up,"BANK RAKYAT INDONESIA (PERSERO), PT",
2026-09-23,2026-09-24,SUPA,"SUPER BANK INDONESIA Tbk, PT",A5-DB HOLDINGS PTE. LTD.,A,SINGAPORE,5724384873,5728884873,4500000,0.08,16.89,16.90,0.01,up,"CC MANDIRI SEKURITAS, PT",
2026-09-23,2026-09-24,SURI,"MAJA AGUNG LATEXINDO Tbk, PT",HANSEN JAP,L,INDONESIA,5469241400,5470373400,1132000,0.02,86.34,86.36,0.02,up,"CC MANDIRI SEKURITAS, PT | YP PT MIRAE ASSET SEKURITAS INDONESIA",
2026-09-23,2026-09-24,TRST,"TRIAS SENTOSA Tbk, PT","PRIMA POLYCON INDAH, PT.",L,INDONESIA,164207760,164247760,40000,0.02,5.85,5.85,0.00,up,AZ PT SUCOR SEKURITAS,
2026-09-23,2026-09-24,UNTR,"UNITED TRACTORS Tbk, PT",PT UNITED TRACTORS TBK,L,INDONESIA,294890200,295646200,756000,0.26,7.91,7.93,0.02,up,"BANK RAKYAT INDONESIA (PERSERO), PT",
2026-09-23,2026-09-24,WINR,"WINNER NUSANTARA JAYA Tbk, PT",PT. PEMENANG NUSANTARA INTERNASIONAL,L,INDONESIA,2424664400,2414104100,-10560300,-0.44,46.31,46.11,-0.20,down,AZ PT SUCOR SEKURITAS,
2026-09-23,2026-09-24,YULE,"YULIE SEKURITAS INDONESIA Tbk, PT",Sabrina Evelyn Elian,L,INDONESIA,92395416,92387816,-7600,-0.01,5.18,5.18,0.00,down,RB PT INA SEKURITAS INDONESIA,
2026-09-24,2026-09-25,ABDA,"ASURANSI BINA DANA ARTA Tbk, PT",OONA INDONESIA PTE LTD,A,SINGAPORE,538621704,538623204,1500,0.00,86.76,86.76,0.00,up,"CC MANDIRI SEKURITAS, PT",
2026-09-24,2026-09-25,BDKR,"BERDIKARI PONDASI PERKASA Tbk, PT","HARUNA BINOSWARA JAYA, PT",L,INDONESIA,277092100,273592100,-3500000,-1.26,5.86,5.79,-0.07,down,CP PT KB VALBURY SEKURITAS,
2026-09-24,2026-09-25,BEEF,"ESTIKA TATA TIARA Tbk, PT",DIMAS WIBOWO,L,INDONESIA,700119542,700237142,117600,0.02,8.62,8.62,0.00,up,SQ PT BCA SEKURITAS,
2026-09-24,2026-09-25,BMTR,"GLOBAL MEDIACOM Tbk, PT",PT MNC ASIA HOLDING TBK,L,INDONESIA,5293861200,4743018300,-550842900,-10.41,31.92,28.60,-3.32,down,EP PT MNC SEKURITAS,
2026-09-24,2026-09-25,BPII,"BATAVIA PROSPERINDO INTERNASIONAL Tbk, PT",MALACCA TRUST PTE. LTD.,A,SINGAPORE,8881734000,8881734000,0,0.00,89.86,89.86,0.00,shuffle,"GR PANIN SEKURITAS Tbk, PT | PT Bank UOB Indonesia",
2026-09-24,2026-09-25,BSML,"BINTANG SAMUDERA MANDIRI LINES Tbk, PT",ANDRIANSYAH PRAYITNO,L,INDONESIA,237869700,238869700,1000000,0.42,12.86,12.91,0.05,up,"OD BRI DANAREKSA SEKURITAS, PT",
2026-09-24,2026-09-25,DEWI,"DEWI SHRI FARMINDO Tbk, PT",SUJITO NGATIMAN,L,INDONESIA,147354200,159052600,11698400,7.94,7.37,7.95,0.58,up,XA PT NH KORINDO SEKURITAS INDONESIA,
2026-09-24,2026-09-25,DILD,"INTILAND DEVELOPMENT Tbk, PT",DRS LO KHENG HONG,L,INDONESIA,784896600,785296600,400000,0.05,7.57,7.58,0.01,up,"DH SINARMAS SEKURITAS, PT",
2026-09-24,2026-09-25,EMMI,"ESA MEDIKA MANDIRI Tbk, PT",PT YULIE SEKURITAS INDONESIA TBK,L,INDONESIA,178817700,181289500,2471800,1.38,10.26,10.40,0.14,up,RS PT YULIE SEKURITAS INDONESIA TBK,
2026-09-24,2026-09-25,ENRG,"ENERGI MEGA PERSADA Tbk, PT",PT MAYBANK SEKURITAS INDONESIA - REGISTRAR,L,INDONESIA,2255841400,2255879900,38500,0.00,8.49,8.49,0.00,up,ZP PT MAYBANK SEKURITAS INDONESIA,
2026-09-24,2026-09-25,FILM,"MD ENTERTAINMENT Tbk, PT",MORGAN STANLEY AND CO INTERNATIONAL PLC,A,UNITED KINGDOM,1140414002,1140404802,-9200,-0.00,10.47,10.47,0.00,down,PT Bank HSBC Indonesia,
2026-09-24,2026-09-25,GOTO,"GOTO GOJEK TOKOPEDIA Tbk, PT",MORGAN STANLEY AND CO INTERNATIONAL PLC,A,UNITED KINGDOM,64291696274,63788060674,-503635600,-0.78,5.40,5.36,-0.04,down,PT Bank HSBC Indonesia,
2026-09-24,2026-09-25,GPRA,"PERDANA GAPURAPRIMA Tbk, PT","ABADIMUKTI GUNALESTARI, PT",L,INDONESIA,1961801620,1961299220,-502400,-0.03,45.87,45.86,-0.01,down,XA PT NH KORINDO SEKURITAS INDONESIA,
2026-09-24,2026-09-25,GPRA,"PERDANA GAPURAPRIMA Tbk, PT",ADITYA ANTONIUS,L,INDONESIA,230190400,230534900,344500,0.15,5.38,5.39,0.01,up,"OD BRI DANAREKSA SEKURITAS, PT",
2026-09-24,2026-09-25,GPRA,"PERDANA GAPURAPRIMA Tbk, PT","KHARISMA ANDALAS PUTRA, PT",L,INDONESIA,214780034,214410434,-369600,-0.17,5.02,5.01,-0.01,down,XA PT NH KORINDO SEKURITAS INDONESIA,
2026-09-24,2026-09-25,IMPC,"IMPACK PRATAMA INDUSTRI Tbk, PT",TUNGGAL JAYA INVESTAMA PT,L,INDONESIA,5197715494,5205715494,8000000,0.15,9.47,9.48,0.01,up,BB PT VERDHANA SEKURITAS INDONESIA,
2026-09-24,2026-09-25,ITMG,"INDO TAMBANGRAYA MEGAH Tbk, PT",PT INDO TAMBANGRAYA MEGAH TBK,L,INDONESIA,60162600,60282600,120000,0.20,5.32,5.34,0.02,up,"NI BNI SEKURITAS, PT",
2026-09-24,2026-09-25,KPIG,"MNC TOURISM INDONESIA Tbk, PT",PT MNC ASIA HOLDING TBK,L,INDONESIA,17911767380,17852291280,-59476100,-0.33,16.69,16.64,-0.05,down,EP PT MNC SEKURITAS,
2026-09-24,2026-09-25,KPIG,"MNC TOURISM INDONESIA Tbk, PT",PT. MNC SEKURITAS,L,INDONESIA,20987786200,26170651200,5182865000,24.69,19.56,24.38,4.82,up,EP PT MNC SEKURITAS,
2026-09-24,2026-09-25,LOPI,"LOGISTICSPLUS INTERNATIONAL Tbk, PT",TJEUW HERYANTO,L,,74747800,74817900,70100,0.09,6.80,6.80,0.00,up,SQ PT BCA SEKURITAS,
2026-09-24,2026-09-25,LPLI,"STAR PACIFIC Tbk, PT",HX TRADING LIMITED,A,"VIRGIN ISLANDS, BRITISH",206642667,206504767,-137900,-0.07,17.66,17.64,-0.02,down,IU PT INDO CAPITAL SEKURITAS,
2026-09-24,2026-09-25,LTLS,"LAUTAN LUAS Tbk, PT",JPMCB NA RE-PT CATURKARSA MEGATUNGGAL,L,INDONESIA,300000000,0,-300000000,-100.00,19.23,0.00,-19.23,out,PT Bank HSBC Indonesia,
2026-09-24,2026-09-25,MAPI,"MITRA ADIPERKASA Tbk, PT",SAMUDRA (INVESTMENT) PTE.LTD,A,SINGAPORE,5015700000,5021338000,5638000,0.11,30.22,30.25,0.03,up,PD PT INDO PREMIER SEKURITAS,
2026-09-24,2026-09-25,MDIY,"DAYA INTIGUNA YASA Tbk, PT",TAN YU WEI,A,MALAYSIA,1434846100,1434906100,60000,0.00,5.70,5.70,0.00,up,BUT. STANDARD CHARTERED BANK,
2026-09-24,2026-09-25,MMIX,"MULTI MEDIKA INTERNASIONAL Tbk, PT",PT MULTI INTI USAHA,L,INDONESIA,2743242100,2739070000,-4172100,-0.15,57.15,57.06,-0.09,down,AG PT KIWOOM SEKURITAS INDONESIA | ZP PT MAYBANK SEKURITAS INDONESIA | XA PT NH KORINDO SEKURITAS INDONESIA,
2026-09-24,2026-09-25,MNCN,"MEDIA NUSANTARA CITRA Tbk, PT",PT GLOBAL MEDIACOM TBK,L,INDONESIA,5345423656,5652883156,307459500,5.75,35.52,37.56,2.04,up,PERUSAHAAN PERSEROAN (PERSERO) BANK NEGARA INDONESIA | YU PT CGS International Sekuritas Indonesia | EP PT MNC SEKURITAS | XA PT NH KORINDO SEKURITAS INDONESIA,
2026-09-24,2026-09-25,MSIN,PT. MNC DIGITAL ENTERTAINMENT Tbk,PT GLOBAL MEDIACOM TBK,L,INDONESIA,4838173125,4992173125,154000000,3.18,7.97,8.23,0.26,up,XA PT NH KORINDO SEKURITAS INDONESIA,MEDIA NUSANTARA CITRA
2026-09-24,2026-09-25,MSIN,PT. MNC DIGITAL ENTERTAINMENT Tbk,"MEDIA NUSANTARA CITRA, PT",L,INDONESIA,4561593180,4407593180,-154000000,-3.38,7.52,7.26,-0.26,down,EP PT MNC SEKURITAS,GLOBAL MEDIACOM
2026-09-24,2026-09-25,MSIN,PT. MNC DIGITAL ENTERTAINMENT Tbk,PT. MNC SEKURITAS,L,INDONESIA,12459599400,13094043400,634444000,5.09,20.54,21.58,1.04,up,EP PT MNC SEKURITAS,
2026-09-24,2026-09-25,NSSS,"NUSANTARA SAWIT SEJAHTERA Tbk, PT",PT NUSANTARA MAKMUR LESTARI,L,INDONESIA,2250899200,2250750000,-149200,-0.01,9.46,9.46,0.00,down,"GR PANIN SEKURITAS Tbk, PT",
2026-09-24,2026-09-25,OASA,MAHARAKSA BIRU ENERGI Tbk,IR GAFUR SULISTYO UMAR MBA,L,INDONESIA,2031862693,2020437993,-11424700,-0.56,32.01,31.83,-0.18,down,II PT DANATAMA MAKMUR SEKURITAS,
2026-09-24,2026-09-25,OBMD,"OBM DRILCHEM Tbk, PT",HENDRA,L,INDONESIA,0,76485300,76485300,,0.00,9.49,9.49,in,LG PT. TRIMEGAH SEKURITAS INDONESIA TBK,
2026-09-24,2026-09-25,OBMD,"OBM DRILCHEM Tbk, PT",PT. SURYAPRANA NUTRISINDO,L,INDONESIA,66578900,0,-66578900,-100.00,8.26,0.00,-8.26,out,LG PT. TRIMEGAH SEKURITAS INDONESIA TBK,
2026-09-24,2026-09-25,PRDA,"PRODIA WIDYAHUSADA Tbk, PT",PT PRODIA WIDYAHUSADA TBK,L,INDONESIA,60269800,60470200,200400,0.33,6.43,6.45,0.02,up,PT BANK DBS INDONESIA,
2026-09-24,2026-09-25,RAAM,"TRIPAR MULTIVSION PLUS Tbk, PT",RAM JETHMAL PUNJABI,L,INDONESIA,4688967382,4689353882,386500,0.01,68.82,68.82,0.00,up,"CC MANDIRI SEKURITAS, PT",
2026-09-24,2026-09-25,SIMA,"SIWANI MAKMUR Tbk, PT","BANK DANAMON INDONESIA Tbk, PT - REGISTRAR",L,INDONESIA,23018898,0,-23018898,-100.00,5.20,0.00,-5.20,out,"BANK DANAMON INDONESIA Tbk, PT",
2026-09-24,2026-09-25,SMLE,"SINERGI MULTI LESTARINDO Tbk, PT",SINERGI ASIA CORPORINDO PT,L,INDONESIA,1300770200,1297410200,-3360000,-0.26,55.87,55.73,-0.14,down,BR PT TRUST SEKURITAS,
2026-09-24,2026-09-25,SMMA,"SINAR MAS MULTIARTHA Tbk, PT",SINAR MAS CAKRAWALA,L,INDONESIA,3169376861,3176773451,7396590,0.23,49.77,49.89,0.12,up,"DH SINARMAS SEKURITAS, PT",
2026-09-24,2026-09-25,SQMI,"WILTON MAKMUR INDONESIA Tbk, PT",CGS INTERNATIONAL SECURITIES SINGAPORE PTE LTD,A,SINGAPORE,2277967729,2203328529,-74639200,-3.28,14.66,14.18,-0.48,down,YU PT CGS International Sekuritas Indonesia,
2026-09-24,2026-09-25,SRTG,"SARATOGA INVESTAMA SEDAYA Tbk, PT",EDWIN SOERYADJAYA,L,INDONESIA,4876929190,4877383290,454100,0.01,35.95,35.96,0.01,up,XL PT. STOCKBIT SEKURITAS DIGITAL,
2026-09-24,2026-09-25,SUPA,"SUPER BANK INDONESIA Tbk, PT",A5-DB HOLDINGS PTE. LTD.,A,SINGAPORE,5728884873,5730408173,1523300,0.03,16.90,16.91,0.01,up,"CC MANDIRI SEKURITAS, PT",
2026-09-24,2026-09-25,SURI,"MAJA AGUNG LATEXINDO Tbk, PT",HANSEN JAP,L,INDONESIA,5470373400,5472326800,1953400,0.04,86.36,86.39,0.03,up,YP PT MIRAE ASSET SEKURITAS INDONESIA,
2026-09-24,2026-09-25,TLKM,"TELKOM INDONESIA (PERSERO) Tbk, PT",THE BANK OF NEW YORK MELLON,A,UNITED STATES,6226053980,6220611980,-5442000,-0.09,6.28,6.28,0.00,down,PT Bank HSBC Indonesia,
2026-09-24,2026-09-25,TOTL,"TOTAL BANGUN PERSADA Tbk, PT",DJADJANG TANUWIDJAJA,L,INDONESIA,376243240,376143240,-100000,-0.03,11.03,11.03,0.00,down,TP PT OCBC SEKURITAS INDONESIA,
2026-09-24,2026-09-25,TRST,"TRIAS SENTOSA Tbk, PT","PRIMA POLYCON INDAH, PT.",L,INDONESIA,164247760,164267760,20000,0.01,5.85,5.85,0.00,up,AZ PT SUCOR SEKURITAS,
2026-09-24,2026-09-25,UNTR,"UNITED TRACTORS Tbk, PT",PT UNITED TRACTORS TBK,L,INDONESIA,295646200,296330400,684200,0.23,7.93,7.94,0.01,up,"BANK RAKYAT INDONESIA (PERSERO), PT",
2026-09-24,2026-09-25,YULE,"YULIE SEKURITAS INDONESIA Tbk, PT",Sabrina Evelyn Elian,L,INDONESIA,92387816,92378916,-8900,-0.01,5.18,5.18,0.00,down,RB PT INA SEKURITAS INDONESIA,
2026-09-25,2026-09-28,ABDA,"ASURANSI BINA DANA ARTA Tbk, PT",OONA INDONESIA PTE LTD,A,SINGAPORE,538623204,538629204,6000,0.00,86.76,86.76,0.00,up,"CC MANDIRI SEKURITAS, PT",
2026-09-25,2026-09-28,BALI,"BALI TOWERINDO SENTRA Tbk, PT",PT KHARISMA CIPTA TOWERINDO,L,INDONESIA,2353850000,2358950000,5100000,0.22,59.82,59.95,0.13,up,"DH SINARMAS SEKURITAS, PT",
2026-09-25,2026-09-28,BDKR,"BERDIKARI PONDASI PERKASA Tbk, PT","HARUNA BINOSWARA JAYA, PT",L,INDONESIA,273592100,270412100,-3180000,-1.16,5.79,5.72,-0.07,down,CP PT KB VALBURY SEKURITAS,
2026-09-25,2026-09-28,BEEF,"ESTIKA TATA TIARA Tbk, PT",DIMAS WIBOWO,L,INDONESIA,700237142,700337142,100000,0.01,8.62,8.62,0.00,up,SQ PT BCA SEKURITAS,
2026-09-25,2026-09-28,BINA,BANK INA PERDANA Tbk. PT,PT ASURANSI JIWA CENTRAL ASIA RAYA,L,INDONESIA,447677700,447677700,0,0.00,7.30,7.30,0.00,shuffle,"OK NET SEKURITAS, PT | RB PT INA SEKURITAS INDONESIA",
2026-09-25,2026-09-28,BKSL,"SENTUL CITY Tbk, PT",PT SAMUEL SEKURITAS INDONESIA,L,INDONESIA,8737846454,0,-8737846454,-100.00,5.21,0.00,-5.21,out,"IF SAMUEL SEKURITAS INDONESIA, PT",
2026-09-25,2026-09-28,BMTR,"GLOBAL MEDIACOM Tbk, PT",PT MNC ASIA HOLDING TBK,L,INDONESIA,4743018300,4598463100,-144555200,-3.05,28.60,27.73,-0.87,down,CP PT KB VALBURY SEKURITAS | EP PT MNC SEKURITAS,
2026-09-25,2026-09-28,BSML,"BINTANG SAMUDERA MANDIRI LINES Tbk, PT",ANDRIANSYAH PRAYITNO,L,INDONESIA,238869700,237869700,-1000000,-0.42,12.91,12.86,-0.05,down,"OD BRI DANAREKSA SEKURITAS, PT | XA PT NH KORINDO SEKURITAS INDONESIA",
2026-09-25,2026-09-28,BSML,"BINTANG SAMUDERA MANDIRI LINES Tbk, PT","SANCA GRIYA MODALINDO, PT",L,INDONESIA,0,98419000,98419000,,0.00,5.32,5.32,in,CP PT KB VALBURY SEKURITAS,
2026-09-25,2026-09-28,CYBR,"ITSEC ASIA Tbk, PT",INV MANAGEMENT PTE LTD,A,SINGAPORE,4992338794,4984838794,-7500000,-0.15,37.01,36.96,-0.05,down,TP PT OCBC SEKURITAS INDONESIA,
2026-09-25,2026-09-28,DEWI,"DEWI SHRI FARMINDO Tbk, PT",SUJITO NGATIMAN,L,INDONESIA,159052600,147922600,-11130000,-7.00,7.95,7.40,-0.55,down,XA PT NH KORINDO SEKURITAS INDONESIA,
2026-09-25,2026-09-28,EMMI,"ESA MEDIKA MANDIRI Tbk, PT",PT YULIE SEKURITAS INDONESIA TBK,L,INDONESIA,181289500,182407400,1117900,0.62,10.40,10.47,0.07,up,RS PT YULIE SEKURITAS INDONESIA TBK,
2026-09-25,2026-09-28,ENRG,"ENERGI MEGA PERSADA Tbk, PT",PT MAYBANK SEKURITAS INDONESIA - REGISTRAR,L,INDONESIA,2255879900,2255916400,36500,0.00,8.49,8.49,0.00,up,ZP PT MAYBANK SEKURITAS INDONESIA,
2026-09-25,2026-09-28,FILM,"MD ENTERTAINMENT Tbk, PT",PT SAMUEL SEKURITAS INDONESIA,L,INDONESIA,948524800,1049325300,100800500,10.63,8.71,9.64,0.93,up,"IF SAMUEL SEKURITAS INDONESIA, PT",
2026-09-25,2026-09-28,FORU,"FORTUNE INDONESIA Tbk, PT",IMR ASIA HOLDING PTE LTD,A,SINGAPORE,357342600,0,-357342600,-100.00,76.81,0.00,-76.81,out,YU PT CGS International Sekuritas Indonesia,
2026-09-25,2026-09-28,FORU,"FORTUNE INDONESIA Tbk, PT",PT KARYA CITRA PRIMA,L,INDONESIA,53722000,0,-53722000,-100.00,11.55,0.00,-11.55,out,YU PT CGS International Sekuritas Indonesia,
2026-09-25,2026-09-28,GPRA,"PERDANA GAPURAPRIMA Tbk, PT","ABADIMUKTI GUNALESTARI, PT",L,INDONESIA,1961299220,1962262320,963100,0.05,45.86,45.88,0.02,up,XA PT NH KORINDO SEKURITAS INDONESIA,
2026-09-25,2026-09-28,GPRA,"PERDANA GAPURAPRIMA Tbk, PT",ADITYA ANTONIUS,L,INDONESIA,230534900,230457800,-77100,-0.03,5.39,5.39,0.00,down,"OD BRI DANAREKSA SEKURITAS, PT",
2026-09-25,2026-09-28,GPRA,"PERDANA GAPURAPRIMA Tbk, PT","KHARISMA ANDALAS PUTRA, PT",L,INDONESIA,214410434,0,-214410434,-100.00,5.01,0.00,-5.01,out,YP PT MIRAE ASSET SEKURITAS INDONESIA | XA PT NH KORINDO SEKURITAS INDONESIA,
2026-09-25,2026-09-28,IMPC,"IMPACK PRATAMA INDUSTRI Tbk, PT",TUNGGAL JAYA INVESTAMA PT,L,INDONESIA,5205715494,5210315494,4600000,0.09,9.48,9.49,0.01,up,SQ PT BCA SEKURITAS,
2026-09-25,2026-09-28,ITMG,"INDO TAMBANGRAYA MEGAH Tbk, PT",PT INDO TAMBANGRAYA MEGAH TBK,L,INDONESIA,60282600,60538500,255900,0.42,5.34,5.36,0.02,up,"NI BNI SEKURITAS, PT",
2026-09-25,2026-09-28,JECX,"NITRASANATA DHARMA Tbk, PT",SARANA MEDITAMA METROPOLITAN TBK PT,L,INDONESIA,1105443200,1105575400,132200,0.01,33.98,33.98,0.00,up,LG PT. TRIMEGAH SEKURITAS INDONESIA TBK,
2026-09-25,2026-09-28,KETR,"KETROSDEN TRIASMITRA, PT",PT FAJAR SEJAHTERA MANDIRI NUSANTARA,L,INDONESIA,1509563417,515191417,-994372000,-65.87,53.13,18.13,-35.00,down,AH PT Shinhan Sekuritas Indonesia,INTI MAS BANGUN SEJAHTERA
2026-09-25,2026-09-28,KETR,"KETROSDEN TRIASMITRA, PT",PT INTI MAS BANGUN SEJAHTERA,L,INDONESIA,0,994442000,994442000,,0.00,35.00,35.00,in,LG PT. TRIMEGAH SEKURITAS INDONESIA TBK,FAJAR SEJAHTERA MANDIRI NUSANTARA
2026-09-25,2026-09-28,KOPI,"MITRA ENERGI PERSADA Tbk, PT",PT. GLOBAL PERKASA INVESTINDO,L,INDONESIA,44569400,44486600,-82800,-0.19,6.39,6.38,-0.01,down,"GR PANIN SEKURITAS Tbk, PT",
2026-09-25,2026-09-28,KPIG,"MNC TOURISM INDONESIA Tbk, PT",PT MNC ASIA HOLDING TBK,L,INDONESIA,17852291280,17685942680,-166348600,-0.93,16.64,16.48,-0.16,down,EP PT MNC SEKURITAS,
2026-09-25,2026-09-28,KPIG,"MNC TOURISM INDONESIA Tbk, PT",PT. MNC SEKURITAS,L,INDONESIA,26170651200,26699111600,528460400,2.02,24.38,24.88,0.50,up,EP PT MNC SEKURITAS,
2026-09-25,2026-09-28,LOPI,"LOGISTICSPLUS INTERNATIONAL Tbk, PT",TJEUW HERYANTO,L,,74817900,74974200,156300,0.21,6.80,6.82,0.02,up,SQ PT BCA SEKURITAS,
2026-09-25,2026-09-28,LPLI,"STAR PACIFIC Tbk, PT",HX TRADING LIMITED,A,"VIRGIN ISLANDS, BRITISH",206504767,206504367,-400,-0.00,17.64,17.64,0.00,down,IU PT INDO CAPITAL SEKURITAS,
2026-09-25,2026-09-28,MAPI,"MITRA ADIPERKASA Tbk, PT",SAMUDRA (INVESTMENT) PTE.LTD,A,SINGAPORE,5021338000,5022391100,1053100,0.02,30.25,30.26,0.01,up,PD PT INDO PREMIER SEKURITAS,
2026-09-25,2026-09-28,MDIY,"DAYA INTIGUNA YASA Tbk, PT",MDIH (SINGAPORE) PTE. LTD.,A,SINGAPORE,8963636100,8963736100,100000,0.00,35.58,35.58,0.00,up,BUT. STANDARD CHARTERED BANK,
2026-09-25,2026-09-28,MDIY,"DAYA INTIGUNA YASA Tbk, PT",TAN YU WEI,A,MALAYSIA,1434906100,1434976100,70000,0.00,5.70,5.70,0.00,up,BUT. STANDARD CHARTERED BANK,
2026-09-25,2026-09-28,MICE,"MULTI INDOCITRA Tbk, PT",UOB KAY HIAN CREDIT PTE LTD A/C PT BUANA GRAHA UTAMA,L,INDONESIA,291591718,291691718,100000,0.03,48.60,48.62,0.02,up,"DH SINARMAS SEKURITAS, PT",
2026-09-25,2026-09-28,MMIX,"MULTI MEDIKA INTERNASIONAL Tbk, PT",PT MULTI INTI USAHA,L,INDONESIA,2739070000,2728304000,-10766000,-0.39,57.06,56.83,-0.23,down,AG PT KIWOOM SEKURITAS INDONESIA | YB PT Yakin Bertumbuh Sekuritas,
2026-09-25,2026-09-28,MNCN,"MEDIA NUSANTARA CITRA Tbk, PT",PT GLOBAL MEDIACOM TBK,L,INDONESIA,5652883156,5797377356,144494200,2.56,37.56,38.52,0.96,up,YP PT MIRAE ASSET SEKURITAS INDONESIA | EP PT MNC SEKURITAS | XA PT NH KORINDO SEKURITAS INDONESIA,
2026-09-25,2026-09-28,MPRO,"MAHA PROPERTI INDONESIA Tbk, PT",TAHIR,L,INDONESIA,1037820263,1034101513,-3718750,-0.36,10.44,10.40,-0.04,down,ID PT Anugerah Sekuritas Indonesia,
2026-09-25,2026-09-28,MSIN,PT. MNC DIGITAL ENTERTAINMENT Tbk,"MEDIA NUSANTARA CITRA, PT",L,INDONESIA,4407593180,4235087080,-172506100,-3.91,7.26,6.98,-0.28,down,EP PT MNC SEKURITAS,
2026-09-25,2026-09-28,NSSS,"NUSANTARA SAWIT SEJAHTERA Tbk, PT",PT NUSANTARA MAKMUR LESTARI,L,INDONESIA,2250750000,2250528400,-221600,-0.01,9.46,9.46,0.00,down,"GR PANIN SEKURITAS Tbk, PT",
2026-09-25,2026-09-28,NSSS,"NUSANTARA SAWIT SEJAHTERA Tbk, PT",PT SAMUEL SEKURITAS INDONESIA,L,INDONESIA,5358739600,6872252000,1513512400,28.24,22.51,28.87,6.36,up,"IF SAMUEL SEKURITAS INDONESIA, PT",
2026-09-25,2026-09-28,NSSS,"NUSANTARA SAWIT SEJAHTERA Tbk, PT",PT. SAMUEL TUMBUH BERSAMA,L,INDONESIA,3855673100,1782209400,-2073463700,-53.78,16.20,7.49,-8.71,down,"IF SAMUEL SEKURITAS INDONESIA, PT",
2026-09-25,2026-09-28,PRDA,"PRODIA WIDYAHUSADA Tbk, PT",PT PRODIA WIDYAHUSADA TBK,L,INDONESIA,60470200,60993600,523400,0.87,6.45,6.51,0.06,up,PT BANK DBS INDONESIA,
2026-09-25,2026-09-28,RAAM,"TRIPAR MULTIVSION PLUS Tbk, PT",RAM JETHMAL PUNJABI,L,INDONESIA,4689353882,4689885682,531800,0.01,68.82,68.83,0.01,up,"CC MANDIRI SEKURITAS, PT",
2026-09-25,2026-09-28,SMMA,"SINAR MAS MULTIARTHA Tbk, PT",SINAR MAS CAKRAWALA,L,INDONESIA,3176773451,3179026042,2252591,0.07,49.89,49.92,0.03,up,"DH SINARMAS SEKURITAS, PT",
2026-09-25,2026-09-28,SPRE,"SORAYA BERJAYA INDONESIA Tbk, PT",MOCH ADHI PAMUNGKAS,L,INDONESIA,40245100,40245300,200,0.00,5.03,5.03,0.00,up,"NI BNI SEKURITAS, PT",
2026-09-25,2026-09-28,SQMI,"WILTON MAKMUR INDONESIA Tbk, PT",CGS INTERNATIONAL SECURITIES SINGAPORE PTE LTD,A,SINGAPORE,2203328529,2200569029,-2759500,-0.13,14.18,14.16,-0.02,down,YU PT CGS International Sekuritas Indonesia,
2026-09-25,2026-09-28,SRTG,"SARATOGA INVESTAMA SEDAYA Tbk, PT",EDWIN SOERYADJAYA,L,INDONESIA,4877383290,4877593290,210000,0.00,35.96,35.96,0.00,up,XL PT. STOCKBIT SEKURITAS DIGITAL,
2026-09-25,2026-09-28,SUPA,"SUPER BANK INDONESIA Tbk, PT",A5-DB HOLDINGS PTE. LTD.,A,SINGAPORE,5730408173,5733258173,2850000,0.05,16.91,16.91,0.00,up,"CC MANDIRI SEKURITAS, PT",
2026-09-25,2026-09-28,SURI,"MAJA AGUNG LATEXINDO Tbk, PT",HANSEN JAP,L,INDONESIA,5472326800,5476452600,4125800,0.08,86.39,86.46,0.07,up,YP PT MIRAE ASSET SEKURITAS INDONESIA,
2026-09-25,2026-09-28,TAXI,EXPRESS TRANSINDO UTAMA Tbk,PO SUSANTO,L,INDONESIA,590001300,575001300,-15000000,-2.54,5.77,5.62,-0.15,down,CP PT KB VALBURY SEKURITAS,
2026-09-25,2026-09-28,TLKM,"TELKOM INDONESIA (PERSERO) Tbk, PT",THE BANK OF NEW YORK MELLON,A,UNITED STATES,6220611980,6205207380,-15404600,-0.25,6.28,6.26,-0.02,down,PT Bank HSBC Indonesia,
2026-09-25,2026-09-28,TOTL,"TOTAL BANGUN PERSADA Tbk, PT",DJADJANG TANUWIDJAJA,L,INDONESIA,376143240,376293240,150000,0.04,11.03,11.03,0.00,up,TP PT OCBC SEKURITAS INDONESIA,
2026-09-25,2026-09-28,TRST,"TRIAS SENTOSA Tbk, PT","PRIMA POLYCON INDAH, PT.",L,INDONESIA,164267760,164307760,40000,0.02,5.85,5.85,0.00,up,AZ PT SUCOR SEKURITAS,
2026-09-25,2026-09-28,UNTR,"UNITED TRACTORS Tbk, PT",PT UNITED TRACTORS TBK,L,INDONESIA,296330400,296646700,316300,0.11,7.94,7.95,0.01,up,"BANK RAKYAT INDONESIA (PERSERO), PT",
2026-09-25,2026-09-28,VERN,"VERONA INDAH PICTURES Tbk, PT",ANGELIA PUSPITASARI,L,INDONESIA,241860200,238840200,-3020000,-1.25,5.08,5.01,-0.07,down,AZ PT SUCOR SEKURITAS,
2026-09-25,2026-09-28,YULE,"YULIE SEKURITAS INDONESIA Tbk, PT",Sabrina Evelyn Elian,L,INDONESIA,92378916,92600116,221200,0.24,5.18,5.19,0.01,up,RB PT INA SEKURITAS INDONESIA,
2026-09-28,2026-09-29,ABDA,"ASURANSI BINA DANA ARTA Tbk, PT",OONA INDONESIA PTE LTD,A,SINGAPORE,538629204,538628004,-1200,-0.00,86.76,86.76,0.00,down,"CC MANDIRI SEKURITAS, PT",
2026-09-28,2026-09-29,ABMM,ABM INVESTAMA Tbk. PT,DRS LO KHENG HONG,L,INDONESIA,156004100,156164100,160000,0.10,5.67,5.67,0.00,up,"DH SINARMAS SEKURITAS, PT",
2026-09-28,2026-09-29,AMMN,"AMMAN MINERAL INTERNASIONAL Tbk, PT",PT SUMBER GEMILANG PERSADA,L,INDONESIA,23332191394,23332191394,0,0.00,32.17,32.17,0.00,shuffle,"BANK RAKYAT INDONESIA (PERSERO), PT | RB PT INA SEKURITAS INDONESIA",
2026-09-28,2026-09-29,ARNA,"ARWANA CITRAMULIA Tbk, PT","PT ARWANA CITRAMULIA, Tbk",L,INDONESIA,386067800,386367800,300000,0.08,5.26,5.26,0.00,up,DR PT RHB SEKURITAS INDONESIA,
2026-09-28,2026-09-29,BDKR,"BERDIKARI PONDASI PERKASA Tbk, PT","HARUNA BINOSWARA JAYA, PT",L,INDONESIA,270412100,267794900,-2617200,-0.97,5.72,5.67,-0.05,down,CP PT KB VALBURY SEKURITAS,
2026-09-28,2026-09-29,BEEF,"ESTIKA TATA TIARA Tbk, PT",DIMAS WIBOWO,L,INDONESIA,700337142,700654642,317500,0.05,8.62,8.63,0.01,up,SQ PT BCA SEKURITAS,
2026-09-28,2026-09-29,BIKE,"BHINEKA INOVASI KETAHANAN ENERGI Tbk, PT",SENDI,L,INDONESIA,76219540,76269740,50200,0.07,5.89,5.89,0.00,up,KK PT PHILLIP SEKURITAS INDONESIA,
2026-09-28,2026-09-29,BKSL,"SENTUL CITY Tbk, PT",PT SAMUEL SEKURITAS INDONESIA,L,INDONESIA,0,9372209454,9372209454,,0.00,5.59,5.59,in,"IF SAMUEL SEKURITAS INDONESIA, PT",
2026-09-28,2026-09-29,BMTR,"GLOBAL MEDIACOM Tbk, PT",PT MNC ASIA HOLDING TBK,L,INDONESIA,4598463100,4598463100,0,0.00,27.73,27.73,0.00,shuffle,AG PT KIWOOM SEKURITAS INDONESIA | EP PT MNC SEKURITAS,
2026-09-28,2026-09-29,BSML,"BINTANG SAMUDERA MANDIRI LINES Tbk, PT",PT GOLDFIVE INVESTMENT CAPITAL,L,INDONESIA,673477665,670082965,-3394700,-0.50,36.40,36.22,-0.18,down,FS PT YUANTA SEKURITAS INDONESIA,
2026-09-28,2026-09-29,DEFI,"DANASUPRA ERAPACIFIC Tbk, PT",TATANG TARYANA,L,INDONESIA,37823800,39929000,2105200,5.57,5.50,5.81,0.31,up,XL PT. STOCKBIT SEKURITAS DIGITAL,
2026-09-28,2026-09-29,DEWI,"DEWI SHRI FARMINDO Tbk, PT",SUJITO NGATIMAN,L,INDONESIA,147922600,157338700,9416100,6.37,7.40,7.87,0.47,up,XA PT NH KORINDO SEKURITAS INDONESIA,
2026-09-28,2026-09-29,EMMI,"ESA MEDIKA MANDIRI Tbk, PT",PT YULIE SEKURITAS INDONESIA TBK,L,INDONESIA,182407400,182767400,360000,0.20,10.47,10.49,0.02,up,RS PT YULIE SEKURITAS INDONESIA TBK,
2026-09-28,2026-09-29,ENRG,"ENERGI MEGA PERSADA Tbk, PT",PT MAYBANK SEKURITAS INDONESIA - REGISTRAR,L,INDONESIA,2255916400,2255864100,-52300,-0.00,8.49,8.49,0.00,down,ZP PT MAYBANK SEKURITAS INDONESIA,
2026-09-28,2026-09-29,FILM,"MD ENTERTAINMENT Tbk, PT",MORGAN STANLEY AND CO INTERNATIONAL PLC,A,UNITED KINGDOM,1140404802,1140457402,52600,0.00,10.47,10.47,0.00,up,PT Bank HSBC Indonesia,
2026-09-28,2026-09-29,FORE,"FORE KOPI INDONESIA Tbk, PT",FERRY SUDJONO,L,INDONESIA,536583400,538114600,1531200,0.29,6.02,6.03,0.01,up,YU PT CGS International Sekuritas Indonesia | KI PT CIPTADANA SEKURITAS ASIA,
2026-09-28,2026-09-29,GPRA,"PERDANA GAPURAPRIMA Tbk, PT","ABADIMUKTI GUNALESTARI, PT",L,INDONESIA,1962262320,1969472620,7210300,0.37,45.88,46.05,0.17,up,ZP PT MAYBANK SEKURITAS INDONESIA | XA PT NH KORINDO SEKURITAS INDONESIA,
2026-09-28,2026-09-29,GPRA,"PERDANA GAPURAPRIMA Tbk, PT",ADITYA ANTONIUS,L,INDONESIA,230457800,230424300,-33500,-0.01,5.39,5.39,0.00,down,"OD BRI DANAREKSA SEKURITAS, PT",
2026-09-28,2026-09-29,HELI,"JAYA TRISHINDO Tbk, PT",PT. AVIA NUSANTARA KHATULISTIWA,L,INDONESIA,70147800,70137800,-10000,-0.01,8.42,8.42,0.00,down,AI PT KAY HIAN SEKURITAS,
2026-09-28,2026-09-29,IMPC,"IMPACK PRATAMA INDUSTRI Tbk, PT",TUNGGAL JAYA INVESTAMA PT,L,INDONESIA,5210315494,5212315494,2000000,0.04,9.49,9.49,0.00,up,SQ PT BCA SEKURITAS,
2026-09-28,2026-09-29,IPOL,"INDOPOLY SWAKARSA INDUSTRY Tbk, PT",PT. HOKI INVESTASI SEJATI,L,INDONESIA,334664200,336255500,1591300,0.48,5.19,5.22,0.03,up,AF PT HARITA KENCANA SEKURITAS,
2026-09-28,2026-09-29,ITMG,"INDO TAMBANGRAYA MEGAH Tbk, PT",PT INDO TAMBANGRAYA MEGAH TBK,L,INDONESIA,60538500,60615900,77400,0.13,5.36,5.36,0.00,up,"NI BNI SEKURITAS, PT",
2026-09-28,2026-09-29,JAST,"JASNITA TELEKOMINDO Tbk, PT",UOB KAY HIAN PRIVATE LIMITED,A,SINGAPORE,327005986,328936986,1931000,0.59,30.21,30.38,0.17,up,AI PT KAY HIAN SEKURITAS,
2026-09-28,2026-09-29,KBAG,"KARYA BERSAMA ANUGERAH Tbk, PT",SALIM LIM,L,INDONESIA,740685200,740735200,50000,0.01,10.36,10.36,0.00,up,"NI BNI SEKURITAS, PT",
2026-09-28,2026-09-29,KPIG,"MNC TOURISM INDONESIA Tbk, PT",PT MNC ASIA HOLDING TBK,L,INDONESIA,17685942680,16969605980,-716336700,-4.05,16.48,15.81,-0.67,down,EP PT MNC SEKURITAS,
2026-09-28,2026-09-29,LOPI,"LOGISTICSPLUS INTERNATIONAL Tbk, PT",TJEUW HERYANTO,L,,74974200,71526200,-3448000,-4.60,6.82,6.50,-0.32,down,SQ PT BCA SEKURITAS,
2026-09-28,2026-09-29,MAPI,"MITRA ADIPERKASA Tbk, PT",SAMUDRA (INVESTMENT) PTE.LTD,A,SINGAPORE,5022391100,5023991100,1600000,0.03,30.26,30.27,0.01,up,PD PT INDO PREMIER SEKURITAS,
2026-09-28,2026-09-29,MDIY,"DAYA INTIGUNA YASA Tbk, PT",TAN YU WEI,A,MALAYSIA,1434976100,1435046100,70000,0.00,5.70,5.70,0.00,up,BUT. STANDARD CHARTERED BANK,
2026-09-28,2026-09-29,MICE,"MULTI INDOCITRA Tbk, PT",UOB KAY HIAN CREDIT PTE LTD A/C PT BUANA GRAHA UTAMA,L,INDONESIA,291691718,291741718,50000,0.02,48.62,48.62,0.00,up,"DH SINARMAS SEKURITAS, PT",
2026-09-28,2026-09-29,MMIX,"MULTI MEDIKA INTERNASIONAL Tbk, PT",PT MULTI INTI USAHA,L,INDONESIA,2728304000,2720066800,-8237200,-0.30,56.83,56.66,-0.17,down,AG PT KIWOOM SEKURITAS INDONESIA | YB PT Yakin Bertumbuh Sekuritas,
2026-09-28,2026-09-29,MNCN,"MEDIA NUSANTARA CITRA Tbk, PT",PT GLOBAL MEDIACOM TBK,L,INDONESIA,5797377356,5789571356,-7806000,-0.13,38.52,38.47,-0.05,down,PERUSAHAAN PERSEROAN (PERSERO) BANK NEGARA INDONESIA | YU PT CGS International Sekuritas Indonesia | YP PT MIRAE ASSET SEKURITAS INDONESIA | EP PT MNC SEKURITAS,
2026-09-28,2026-09-29,MSIN,PT. MNC DIGITAL ENTERTAINMENT Tbk,"MEDIA NUSANTARA CITRA, PT",L,INDONESIA,4235087080,0,-4235087080,-100.00,6.98,0.00,-6.98,out,EP PT MNC SEKURITAS | XA PT NH KORINDO SEKURITAS INDONESIA | BR PT TRUST SEKURITAS,
2026-09-28,2026-09-29,MSIN,PT. MNC DIGITAL ENTERTAINMENT Tbk,PT. MNC SEKURITAS,L,INDONESIA,13094043400,15924003800,2829960400,21.61,21.58,26.24,4.66,up,EP PT MNC SEKURITAS,
2026-09-28,2026-09-29,NANO,"NANOTECH INDONESIA GLOBAL Tbk, PT",PT SOFTBANK VENTURA INDONESIA,L,INDONESIA,429026146,411292746,-17733400,-4.13,10.01,9.60,-0.41,down,"CC MANDIRI SEKURITAS, PT",
2026-09-28,2026-09-29,NSSS,"NUSANTARA SAWIT SEJAHTERA Tbk, PT",PT NUSANTARA MAKMUR LESTARI,L,INDONESIA,2250528400,2250493400,-35000,-0.00,9.46,9.46,0.00,down,"GR PANIN SEKURITAS Tbk, PT",
2026-09-28,2026-09-29,NSSS,"NUSANTARA SAWIT SEJAHTERA Tbk, PT",PT SAMUEL SEKURITAS INDONESIA,L,INDONESIA,6872252000,7614243700,741991700,10.80,28.87,31.99,3.12,up,"IF SAMUEL SEKURITAS INDONESIA, PT",
2026-09-28,2026-09-29,NSSS,"NUSANTARA SAWIT SEJAHTERA Tbk, PT",PT. SAMUEL TUMBUH BERSAMA,L,INDONESIA,1782209400,0,-1782209400,-100.00,7.49,0.00,-7.49,out,"IF SAMUEL SEKURITAS INDONESIA, PT",
2026-09-28,2026-09-29,PRDA,"PRODIA WIDYAHUSADA Tbk, PT",PT PRODIA WIDYAHUSADA TBK,L,INDONESIA,60993600,61361800,368200,0.60,6.51,6.55,0.04,up,PT BANK DBS INDONESIA,
2026-09-28,2026-09-29,RAAM,"TRIPAR MULTIVSION PLUS Tbk, PT",RAM JETHMAL PUNJABI,L,INDONESIA,4689885682,4690180282,294600,0.01,68.83,68.84,0.01,up,"CC MANDIRI SEKURITAS, PT",
2026-09-28,2026-09-29,RLCO,"ABADI LESTARI INDONESIA Tbk, PT",PT SAMUEL SEKURITAS INDONESIA,L,INDONESIA,205334300,165263200,-40071100,-19.52,6.57,5.29,-1.28,down,"IF SAMUEL SEKURITAS INDONESIA, PT",
2026-09-28,2026-09-29,SMLE,"SINERGI MULTI LESTARINDO Tbk, PT",SINERGI ASIA CORPORINDO PT,L,INDONESIA,1297410200,1293020200,-4390000,-0.34,55.73,55.54,-0.19,down,BR PT TRUST SEKURITAS,
2026-09-28,2026-09-29,SMMA,"SINAR MAS MULTIARTHA Tbk, PT",SINAR MAS CAKRAWALA,L,INDONESIA,3179026042,3178391769,-634273,-0.02,49.92,49.91,-0.01,down,"DH SINARMAS SEKURITAS, PT",
2026-09-28,2026-09-29,SPRE,"SORAYA BERJAYA INDONESIA Tbk, PT",MOCH ADHI PAMUNGKAS,L,INDONESIA,40245300,40245500,200,0.00,5.03,5.03,0.00,up,"NI BNI SEKURITAS, PT",
2026-09-28,2026-09-29,SRTG,"SARATOGA INVESTAMA SEDAYA Tbk, PT",EDWIN SOERYADJAYA,L,INDONESIA,4877593290,4877743290,150000,0.00,35.96,35.96,0.00,up,XL PT. STOCKBIT SEKURITAS DIGITAL,
2026-09-28,2026-09-29,SRTG,"SARATOGA INVESTAMA SEDAYA Tbk, PT",SANDIAGA SALAHUDDIN UNO,L,INDONESIA,0,2917827145,2917827145,,0.00,21.51,21.51,in,"CITIBANK, N. A | XL PT. STOCKBIT SEKURITAS DIGITAL",UNU SANDIAGA SALAHUDDIN
2026-09-28,2026-09-29,SRTG,"SARATOGA INVESTAMA SEDAYA Tbk, PT","UNU,SANDIAGA SALAHUDDIN",L,INDONESIA,2917827145,0,-2917827145,-100.00,21.51,0.00,-21.51,out,"CITIBANK, N. A | XL PT. STOCKBIT SEKURITAS DIGITAL",SANDIAGA SALAHUDDIN UNO
2026-09-28,2026-09-29,STRK,"LOVINA BEACH BREWERY Tbk, PT",PHILLIP SECURITIES PTE LTD,A,SINGAPORE,1701942700,1705942700,4000000,0.24,15.87,15.91,0.04,up,KK PT PHILLIP SEKURITAS INDONESIA,
2026-09-28,2026-09-29,SUPA,"SUPER BANK INDONESIA Tbk, PT",A5-DB HOLDINGS PTE. LTD.,A,SINGAPORE,5733258173,5734205173,947000,0.02,16.91,16.92,0.01,up,"CC MANDIRI SEKURITAS, PT",
2026-09-28,2026-09-29,SURI,"MAJA AGUNG LATEXINDO Tbk, PT",HANSEN JAP,L,INDONESIA,5476452600,5479042800,2590200,0.05,86.46,86.50,0.04,up,YP PT MIRAE ASSET SEKURITAS INDONESIA,
2026-09-28,2026-09-29,TAXI,EXPRESS TRANSINDO UTAMA Tbk,PO SUSANTO,L,INDONESIA,575001300,535001300,-40000000,-6.96,5.62,5.23,-0.39,down,CP PT KB VALBURY SEKURITAS,
2026-09-28,2026-09-29,TGUK,"PLATINUM WAHAB NUSANTARA Tbk, PT","DINASTI KREATIF INDONESIA, PT",L,INDONESIA,0,2030032377,2030032377,,0.00,56.84,56.84,in,KI PT CIPTADANA SEKURITAS ASIA,
2026-09-28,2026-09-29,TLKM,"TELKOM INDONESIA (PERSERO) Tbk, PT",THE BANK OF NEW YORK MELLON,A,UNITED STATES,6205207380,6192507380,-12700000,-0.20,6.26,6.25,-0.01,down,"BANK MANDIRI, PT - CUSTODY",
2026-09-28,2026-09-29,TRST,"TRIAS SENTOSA Tbk, PT","PRIMA POLYCON INDAH, PT.",L,INDONESIA,164307760,164342260,34500,0.02,5.85,5.85,0.00,up,AZ PT SUCOR SEKURITAS,
2026-09-28,2026-09-29,UNSP,"BAKRIE SUMATERA PLANTATIONS Tbk, PT",PT BIOFUEL INDO SUMATRA,L,INDONESIA,0,1232138578,1232138578,,0.00,7.25,7.25,in,"OD BRI DANAREKSA SEKURITAS, PT | KI PT CIPTADANA SEKURITAS ASIA | CP PT KB VALBURY SEKURITAS | XA PT NH KORINDO SEKURITAS INDONESIA | DR PT RHB SEKURITAS INDONESIA",
2026-09-28,2026-09-29,UNSP,"BAKRIE SUMATERA PLANTATIONS Tbk, PT",UNBOUNDED OPPORTUNITIES FUND SPC,A,CAYMAN ISLANDS,3005863413,0,-3005863413,-100.00,17.68,0.00,-17.68,out,KI PT CIPTADANA SEKURITAS ASIA,
2026-09-28,2026-09-29,UNTR,"UNITED TRACTORS Tbk, PT",PT UNITED TRACTORS TBK,L,INDONESIA,296646700,296647700,1000,0.00,7.95,7.95,0.00,up,"BANK RAKYAT INDONESIA (PERSERO), PT",
2026-09-28,2026-09-29,YULE,"YULIE SEKURITAS INDONESIA Tbk, PT",Sabrina Evelyn Elian,L,INDONESIA,92600116,92589516,-10600,-0.01,5.19,5.19,0.00,down,RB PT INA SEKURITAS INDONESIA,
2026-09-29,2026-09-30,ABDA,"ASURANSI BINA DANA ARTA Tbk, PT",OONA INDONESIA PTE LTD,A,SINGAPORE,538628004,538627804,-200,-0.00,86.76,86.76,0.00,down,"CC MANDIRI SEKURITAS, PT",
2026-09-29,2026-09-30,AIMS,PT. ARTHA MAHIYA INVESTAMA Tbk,PT AIMS INDO INVESTAMA,L,INDONESIA,74827991,78656991,3829000,5.12,34.01,35.75,1.74,up,DU PT KAF SEKURITAS INDONESIA,
2026-09-29,2026-09-30,AIMS,PT. ARTHA MAHIYA INVESTAMA Tbk,CHRIST JONATAN DAELY,L,INDONESIA,0,12722848,12722848,,0.00,5.78,5.78,in,DU PT KAF SEKURITAS INDONESIA,
2026-09-29,2026-09-30,AISA,"FKS FOOD SEJAHTERA Tbk, PT",PT PANGAN SEJAHTERA INVESTAMA,L,INDONESIA,5471225100,5472655600,1430500,0.03,58.76,58.77,0.01,up,YU PT CGS International Sekuritas Indonesia,
2026-09-29,2026-09-30,ARNA,"ARWANA CITRAMULIA Tbk, PT","PT ARWANA CITRAMULIA, Tbk",L,INDONESIA,386367800,387422100,1054300,0.27,5.26,5.28,0.02,up,DR PT RHB SEKURITAS INDONESIA,
2026-09-29,2026-09-30,BDKR,"BERDIKARI PONDASI PERKASA Tbk, PT","HARUNA BINOSWARA JAYA, PT",L,INDONESIA,267794900,264490600,-3304300,-1.23,5.67,5.60,-0.07,down,CP PT KB VALBURY SEKURITAS,
2026-09-29,2026-09-30,BEEF,"ESTIKA TATA TIARA Tbk, PT",DIMAS WIBOWO,L,INDONESIA,700654642,701154642,500000,0.07,8.63,8.63,0.00,up,SQ PT BCA SEKURITAS,
2026-09-29,2026-09-30,BSML,"BINTANG SAMUDERA MANDIRI LINES Tbk, PT",ANDRIANSYAH PRAYITNO,L,INDONESIA,237869700,237069700,-800000,-0.34,12.86,12.81,-0.05,down,"OD BRI DANAREKSA SEKURITAS, PT | XA PT NH KORINDO SEKURITAS INDONESIA",
2026-09-29,2026-09-30,BSML,"BINTANG SAMUDERA MANDIRI LINES Tbk, PT",PT GOLDFIVE INVESTMENT CAPITAL,L,INDONESIA,670082965,673632965,3550000,0.53,36.22,36.41,0.19,up,FS PT YUANTA SEKURITAS INDONESIA,
2026-09-29,2026-09-30,BTPS,"BANK BTPN SYARIAH Tbk, PT",PT Bank SMBC Indonesia Tbk,L,INDONESIA,5315553000,0,-5315553000,-100.00,69.00,0.00,-69.00,out,PT Bank SMBC Indonesia Tbk,BANK SMBC INDONESIA REGISTRAR
2026-09-29,2026-09-30,BTPS,"BANK BTPN SYARIAH Tbk, PT",PT Bank SMBC Indonesia Tbk - REGISTRAR,L,INDONESIA,0,5315553000,5315553000,,0.00,69.00,69.00,in,PT Bank SMBC Indonesia Tbk,BANK SMBC INDONESIA
2026-09-29,2026-09-30,DEFI,"DANASUPRA ERAPACIFIC Tbk, PT",TATANG TARYANA,L,INDONESIA,39929000,40929000,1000000,2.50,5.81,5.96,0.15,up,XL PT. STOCKBIT SEKURITAS DIGITAL,
2026-09-29,2026-09-30,DEWI,"DEWI SHRI FARMINDO Tbk, PT",SUJITO NGATIMAN,L,INDONESIA,157338700,156938700,-400000,-0.25,7.87,7.85,-0.02,down,XA PT NH KORINDO SEKURITAS INDONESIA,
2026-09-29,2026-09-30,DGIK,"NUSA KONSTRUKSI ENJINIRING Tbk, PT",OCBC SECURITIES PRIVATE LIMITED,A,SINGAPORE,536658200,536633200,-25000,-0.00,9.68,9.68,0.00,down,"CITIBANK, N. A",
2026-09-29,2026-09-30,DILD,"INTILAND DEVELOPMENT Tbk, PT",DRS LO KHENG HONG,L,INDONESIA,785296600,786396600,1100000,0.14,7.58,7.59,0.01,up,"DH SINARMAS SEKURITAS, PT",
2026-09-29,2026-09-30,EMMI,"ESA MEDIKA MANDIRI Tbk, PT",PT YULIE SEKURITAS INDONESIA TBK,L,INDONESIA,182767400,183237400,470000,0.26,10.49,10.51,0.02,up,RS PT YULIE SEKURITAS INDONESIA TBK,
2026-09-29,2026-09-30,ENRG,"ENERGI MEGA PERSADA Tbk, PT",CGS INTERNATIONAL SEKURITAS INDONESIA,L,INDONESIA,2000010169,2000038169,28000,0.00,7.53,7.53,0.00,up,YU PT CGS International Sekuritas Indonesia,
2026-09-29,2026-09-30,ENRG,"ENERGI MEGA PERSADA Tbk, PT",PT MAYBANK SEKURITAS INDONESIA - REGISTRAR,L,INDONESIA,2255864100,2255848700,-15400,-0.00,8.49,8.49,0.00,down,ZP PT MAYBANK SEKURITAS INDONESIA,
2026-09-29,2026-09-30,FUTR,"FUTURA ENERGI GLOBAL Tbk, PT",VINCENT IE KOK HUI,L,INDONESIA,376290100,376290100,0,0.00,5.67,5.67,0.00,shuffle,"CC MANDIRI SEKURITAS, PT | IF SAMUEL SEKURITAS INDONESIA, PT",
2026-09-29,2026-09-30,GPRA,"PERDANA GAPURAPRIMA Tbk, PT","ABADIMUKTI GUNALESTARI, PT",L,INDONESIA,1969472620,1972835220,3362600,0.17,46.05,46.13,0.08,up,CP PT KB VALBURY SEKURITAS | XA PT NH KORINDO SEKURITAS INDONESIA | HD PT. KGI Sekuritas Indonesia,
2026-09-29,2026-09-30,GPRA,"PERDANA GAPURAPRIMA Tbk, PT",ADITYA ANTONIUS,L,INDONESIA,230424300,235899500,5475200,2.38,5.39,5.52,0.13,up,"OD BRI DANAREKSA SEKURITAS, PT",
2026-09-29,2026-09-30,GPRA,"PERDANA GAPURAPRIMA Tbk, PT","KHARISMA ANDALAS PUTRA, PT",L,INDONESIA,0,219302934,219302934,,0.00,5.13,5.13,in,YP PT MIRAE ASSET SEKURITAS INDONESIA | XA PT NH KORINDO SEKURITAS INDONESIA,
2026-09-29,2026-09-30,GRPH,"GRIPTHA PUTRA PERSADA Tbk, PT",JUNIAWAN,L,INDONESIA,69628600,70561800,933200,1.34,6.96,7.06,0.10,up,XL PT. STOCKBIT SEKURITAS DIGITAL,
2026-09-29,2026-09-30,HELI,"JAYA TRISHINDO Tbk, PT",PT. AVIA NUSANTARA KHATULISTIWA,L,INDONESIA,70137800,70110900,-26900,-0.04,8.42,8.42,0.00,down,AI PT KAY HIAN SEKURITAS,
2026-09-29,2026-09-30,IMPC,"IMPACK PRATAMA INDUSTRI Tbk, PT",TUNGGAL JAYA INVESTAMA PT,L,INDONESIA,5212315494,5217610094,5294600,0.10,9.49,9.50,0.01,up,SQ PT BCA SEKURITAS | BB PT VERDHANA SEKURITAS INDONESIA,
2026-09-29,2026-09-30,ITMG,"INDO TAMBANGRAYA MEGAH Tbk, PT",PT INDO TAMBANGRAYA MEGAH TBK,L,INDONESIA,60615900,60863500,247600,0.41,5.36,5.39,0.03,up,"NI BNI SEKURITAS, PT",
2026-09-29,2026-09-30,JAST,"JASNITA TELEKOMINDO Tbk, PT",UOB KAY HIAN PRIVATE LIMITED,A,SINGAPORE,328936986,329407886,470900,0.14,30.38,30.43,0.05,up,AI PT KAY HIAN SEKURITAS,
2026-09-29,2026-09-30,JECX,"NITRASANATA DHARMA Tbk, PT",MAGNA SELARAS LESTARI PT,L,INDONESIA,297176797,297216797,40000,0.01,9.13,9.14,0.01,up,LG PT. TRIMEGAH SEKURITAS INDONESIA TBK,
2026-09-29,2026-09-30,KBAG,"KARYA BERSAMA ANUGERAH Tbk, PT",SALIM LIM,L,INDONESIA,740735200,741044200,309000,0.04,10.36,10.36,0.00,up,"NI BNI SEKURITAS, PT",
2026-09-29,2026-09-30,KDTN,"PURI SENTUL PERMAI Tbk, PT",PT PUTRASAKTI MANDIRI,L,INDONESIA,401000000,400000000,-1000000,-0.25,32.08,32.00,-0.08,down,"IF SAMUEL SEKURITAS INDONESIA, PT",
2026-09-29,2026-09-30,KPIG,"MNC TOURISM INDONESIA Tbk, PT",PT. MNC SEKURITAS,L,INDONESIA,26699111600,24198072400,-2501039200,-9.37,24.88,22.54,-2.34,down,EP PT MNC SEKURITAS,
2026-09-29,2026-09-30,LOPI,"LOGISTICSPLUS INTERNATIONAL Tbk, PT",TJEUW HERYANTO,L,,71526200,77809300,6283100,8.78,6.50,7.07,0.57,up,SQ PT BCA SEKURITAS,
2026-09-29,2026-09-30,MAPI,"MITRA ADIPERKASA Tbk, PT",SAMUDRA (INVESTMENT) PTE.LTD,A,SINGAPORE,5023991100,5026978400,2987300,0.06,30.27,30.28,0.01,up,PD PT INDO PREMIER SEKURITAS,
2026-09-29,2026-09-30,MDIY,"DAYA INTIGUNA YASA Tbk, PT",TAN YU WEI,A,MALAYSIA,1435046100,1435116100,70000,0.00,5.70,5.70,0.00,up,BUT. STANDARD CHARTERED BANK,
2026-09-29,2026-09-30,MKNT,"MITRA KOMUNIKASI NUSANTARA Tbk, PT",PT ASURANSI SIMAS JIWA,L,INDONESIA,275587200,0,-275587200,-100.00,5.01,0.00,-5.01,out,"BANK RAKYAT INDONESIA (PERSERO), PT",
2026-09-29,2026-09-30,MKNT,"MITRA KOMUNIKASI NUSANTARA Tbk, PT","HEADWELL BINTANG ENERGI HIJAU, PT",L,INDONESIA,0,668000000000,668000000000,,0.00,64.85,64.85,in,AD PT SUKADANA PRIMA SEKURITAS,
2026-09-29,2026-09-30,MKNT,"MITRA KOMUNIKASI NUSANTARA Tbk, PT","MANTRA CAPITAL PERSADAN, PT",L,INDONESIA,0,156490000000,156490000000,,0.00,15.19,15.19,in,AD PT SUKADANA PRIMA SEKURITAS,
2026-09-29,2026-09-30,MKNT,"MITRA KOMUNIKASI NUSANTARA Tbk, PT",PT MONJESS INVESTAMA,L,INDONESIA,1244823662,0,-1244823662,-100.00,22.63,0.00,-22.63,out,"SA PT ELIT SUKSES SEKURITAS | AP PT PACIFIC SEKURITAS INDONESIA | DH SINARMAS SEKURITAS, PT",
2026-09-29,2026-09-30,MKNT,"MITRA KOMUNIKASI NUSANTARA Tbk, PT",PT. SUN INTERNATIONAL CAPITAL,L,INDONESIA,343750300,0,-343750300,-100.00,6.25,0.00,-6.25,out,IP PT YUGEN BERTUMBUH SEKURITAS (REKENING TAMPUNGAN KSEI UNTUK CLOSED MEMBER -IP001),
2026-09-29,2026-09-30,MMIX,"MULTI MEDIKA INTERNASIONAL Tbk, PT",PT MULTI INTI USAHA,L,INDONESIA,2720066800,2709036100,-11030700,-0.41,56.66,56.43,-0.23,down,LG PT. TRIMEGAH SEKURITAS INDONESIA TBK,
2026-09-29,2026-09-30,MNCN,"MEDIA NUSANTARA CITRA Tbk, PT",PT GLOBAL MEDIACOM TBK,L,INDONESIA,5789571356,5745571356,-44000000,-0.76,38.47,38.18,-0.29,down,YP PT MIRAE ASSET SEKURITAS INDONESIA,
2026-09-29,2026-09-30,MSIN,PT. MNC DIGITAL ENTERTAINMENT Tbk,PT. MNC SEKURITAS,L,INDONESIA,15924003800,15255726800,-668277000,-4.20,26.24,25.14,-1.10,down,EP PT MNC SEKURITAS,
2026-09-29,2026-09-30,NANO,"NANOTECH INDONESIA GLOBAL Tbk, PT",PT SOFTBANK VENTURA INDONESIA,L,INDONESIA,411292746,387839746,-23453000,-5.70,9.60,9.05,-0.55,down,"CC MANDIRI SEKURITAS, PT",
2026-09-29,2026-09-30,NSSS,"NUSANTARA SAWIT SEJAHTERA Tbk, PT",PT NUSANTARA MAKMUR LESTARI,L,INDONESIA,2250493400,2250477900,-15500,-0.00,9.46,9.46,0.00,down,"GR PANIN SEKURITAS Tbk, PT",
2026-09-29,2026-09-30,NSSS,"NUSANTARA SAWIT SEJAHTERA Tbk, PT",PT SAMUEL SEKURITAS INDONESIA,L,INDONESIA,7614243700,8445674400,831430700,10.92,31.99,35.48,3.49,up,"IF SAMUEL SEKURITAS INDONESIA, PT",
2026-09-29,2026-09-30,OBMD,"OBM DRILCHEM Tbk, PT",HENDRA,L,INDONESIA,76485300,0,-76485300,-100.00,9.49,0.00,-9.49,out,LG PT. TRIMEGAH SEKURITAS INDONESIA TBK,
2026-09-29,2026-09-30,OBMD,"OBM DRILCHEM Tbk, PT",PT. SURYAPRANA NUTRISINDO,L,INDONESIA,0,67053900,67053900,,0.00,8.32,8.32,in,LG PT. TRIMEGAH SEKURITAS INDONESIA TBK,
2026-09-29,2026-09-30,PEGE,"PANCA GLOBAL KAPITAL Tbk, PT",RR CAPITAL GROUP PTE. LTD,A,SINGAPORE,1602302133,1446302133,-156000000,-9.74,42.41,38.28,-4.13,down,PG PT PANCA GLOBAL SEKURITAS,
2026-09-29,2026-09-30,PRDA,"PRODIA WIDYAHUSADA Tbk, PT",PT PRODIA WIDYAHUSADA TBK,L,INDONESIA,61361800,61438600,76800,0.13,6.55,6.55,0.00,up,PT BANK DBS INDONESIA,
2026-09-29,2026-09-30,PURA,"PUTRA RAJAWALI KENCANA Tbk, PT",CGS INTERNATIONAL SECURITIES SINGAPORE PTE LTD,A,SINGAPORE,396409200,395282300,-1126900,-0.28,6.29,6.27,-0.02,down,YU PT CGS International Sekuritas Indonesia,
2026-09-29,2026-09-30,RAAM,"TRIPAR MULTIVSION PLUS Tbk, PT",RAM JETHMAL PUNJABI,L,INDONESIA,4690180282,4690667282,487000,0.01,68.84,68.84,0.00,up,"CC MANDIRI SEKURITAS, PT",
2026-09-29,2026-09-30,RLCO,"ABADI LESTARI INDONESIA Tbk, PT",PT SAMUEL SEKURITAS INDONESIA,L,INDONESIA,165263200,205334300,40071100,24.25,5.29,6.57,1.28,up,"IF SAMUEL SEKURITAS INDONESIA, PT",
2026-09-29,2026-09-30,SMLE,"SINERGI MULTI LESTARINDO Tbk, PT",SINERGI ASIA CORPORINDO PT,L,INDONESIA,1293020200,1291130200,-1890000,-0.15,55.54,55.46,-0.08,down,BR PT TRUST SEKURITAS,
2026-09-29,2026-09-30,SMMA,"SINAR MAS MULTIARTHA Tbk, PT",SINAR MAS CAKRAWALA,L,INDONESIA,3178391769,3177209504,-1182265,-0.04,49.91,49.90,-0.01,down,"DH SINARMAS SEKURITAS, PT",
2026-09-29,2026-09-30,SPRE,"SORAYA BERJAYA INDONESIA Tbk, PT",MOCH ADHI PAMUNGKAS,L,INDONESIA,40245500,43974500,3729000,9.27,5.03,5.50,0.47,up,"NI BNI SEKURITAS, PT",
2026-09-29,2026-09-30,SRTG,"SARATOGA INVESTAMA SEDAYA Tbk, PT",EDWIN SOERYADJAYA,L,INDONESIA,4877743290,4878033290,290000,0.01,35.96,35.96,0.00,up,XL PT. STOCKBIT SEKURITAS DIGITAL,
2026-09-29,2026-09-30,SURI,"MAJA AGUNG LATEXINDO Tbk, PT",HANSEN JAP,L,INDONESIA,5479042800,5480831100,1788300,0.03,86.50,86.53,0.03,up,"CC MANDIRI SEKURITAS, PT | YP PT MIRAE ASSET SEKURITAS INDONESIA",
2026-09-29,2026-09-30,TAXI,EXPRESS TRANSINDO UTAMA Tbk,PO SUSANTO,L,INDONESIA,535001300,0,-535001300,-100.00,5.23,0.00,-5.23,out,CP PT KB VALBURY SEKURITAS,
2026-09-29,2026-09-30,TLKM,"TELKOM INDONESIA (PERSERO) Tbk, PT",THE BANK OF NEW YORK MELLON,A,UNITED STATES,6192507380,6177693880,-14813500,-0.24,6.25,6.24,-0.01,down,PT Bank HSBC Indonesia,
2026-09-29,2026-09-30,TOTL,"TOTAL BANGUN PERSADA Tbk, PT",DJADJANG TANUWIDJAJA,L,INDONESIA,376293240,375253240,-1040000,-0.28,11.03,11.00,-0.03,down,TP PT OCBC SEKURITAS INDONESIA,
2026-09-29,2026-09-30,TRST,"TRIAS SENTOSA Tbk, PT","PRIMA POLYCON INDAH, PT.",L,INDONESIA,164342260,164367860,25600,0.02,5.85,5.85,0.00,up,AZ PT SUCOR SEKURITAS,
2026-09-29,2026-09-30,UNSP,"BAKRIE SUMATERA PLANTATIONS Tbk, PT",PT BIOFUEL INDO SUMATRA,L,INDONESIA,1232138578,0,-1232138578,-100.00,7.25,0.00,-7.25,out,"OD BRI DANAREKSA SEKURITAS, PT | KI PT CIPTADANA SEKURITAS ASIA | CP PT KB VALBURY SEKURITAS | XA PT NH KORINDO SEKURITAS INDONESIA | DR PT RHB SEKURITAS INDONESIA",
2026-09-29,2026-09-30,YULE,"YULIE SEKURITAS INDONESIA Tbk, PT",Sabrina Evelyn Elian,L,INDONESIA,92589516,92094916,-494600,-0.53,5.19,5.16,-0.03,down,RB PT INA SEKURITAS INDONESIA,
2026-09-30,2026-10-01,ABDA,"ASURANSI BINA DANA ARTA Tbk, PT",OONA INDONESIA PTE LTD,A,SINGAPORE,538627804,538631104,3300,0.00,86.76,86.76,0.00,up,"CC MANDIRI SEKURITAS, PT",
2026-09-30,2026-10-01,ADMF,"ADIRA DINAMIKA MULTI FINANCE Tbk, PT",MUFG Bank Ltd,A,JAPAN,233440159,177501759,-55938400,-23.96,18.89,14.36,-4.53,down,"BANK DANAMON INDONESIA Tbk, PT",
2026-09-30,2026-10-01,ARNA,"ARWANA CITRAMULIA Tbk, PT","PT ARWANA CITRAMULIA, Tbk",L,INDONESIA,387422100,388030900,608800,0.16,5.28,5.29,0.01,up,DR PT RHB SEKURITAS INDONESIA,
2026-09-30,2026-10-01,BDKR,"BERDIKARI PONDASI PERKASA Tbk, PT","HARUNA BINOSWARA JAYA, PT",L,INDONESIA,264490600,261870500,-2620100,-0.99,5.60,5.54,-0.06,down,CP PT KB VALBURY SEKURITAS,
2026-09-30,2026-10-01,BEEF,"ESTIKA TATA TIARA Tbk, PT",DIMAS WIBOWO,L,INDONESIA,701154642,701908342,753700,0.11,8.63,8.64,0.01,up,SQ PT BCA SEKURITAS,
2026-09-30,2026-10-01,BIKE,"BHINEKA INOVASI KETAHANAN ENERGI Tbk, PT",SENDI,L,INDONESIA,76269740,76269740,0,0.00,5.89,5.89,0.00,shuffle,"CC MANDIRI SEKURITAS, PT | IC PT INTEGRITY CAPITAL SEKURITAS",
2026-09-30,2026-10-01,BINA,BANK INA PERDANA Tbk. PT,PT ASURANSI JIWA CENTRAL ASIA RAYA,L,INDONESIA,447677700,435177700,-12500000,-2.79,7.30,7.09,-0.21,down,"OK NET SEKURITAS, PT",
2026-09-30,2026-10-01,BIPI,"ASTRINDO NUSANTARA INFRASTRUKTUR Tbk , PT","INDOTAMBANG PERKASA, PT",L,INDONESIA,13185555813,13186555813,1000000,0.01,20.70,20.70,0.00,up,BUT DEUTSCHE BANK AG | KI PT CIPTADANA SEKURITAS ASIA | II PT DANATAMA MAKMUR SEKURITAS,
2026-09-30,2026-10-01,BSML,"BINTANG SAMUDERA MANDIRI LINES Tbk, PT","SANCA GRIYA MODALINDO, PT",L,INDONESIA,98419000,0,-98419000,-100.00,5.32,0.00,-5.32,out,CP PT KB VALBURY SEKURITAS,
2026-09-30,2026-10-01,BULL,"BUANA LINTAS LAUTAN Tbk, PT",PT DELTA ROYAL SEJAHTERA,L,INDONESIA,2251898042,2251898042,0,0.00,14.53,14.53,0.00,shuffle,KI PT CIPTADANA SEKURITAS ASIA | AI PT KAY HIAN SEKURITAS,
2026-09-30,2026-10-01,BYAN,BAYAN RESOURCES Tbk,LOW TUCK KWONG,L,INDONESIA,13416921870,13416921870,0,0.00,40.25,40.25,0.00,shuffle,"BUT DEUTSCHE BANK AG | PT Bank UOB Indonesia | ZP PT MAYBANK SEKURITAS INDONESIA | PT. BANK PERMATA, TBK | LG PT. TRIMEGAH SEKURITAS INDONESIA TBK",
2026-09-30,2026-10-01,DEWI,"DEWI SHRI FARMINDO Tbk, PT",SUJITO NGATIMAN,L,INDONESIA,156938700,147988700,-8950000,-5.70,7.85,7.40,-0.45,down,XA PT NH KORINDO SEKURITAS INDONESIA,
2026-09-30,2026-10-01,EMMI,"ESA MEDIKA MANDIRI Tbk, PT",PT YULIE SEKURITAS INDONESIA TBK,L,INDONESIA,183237400,183697400,460000,0.25,10.51,10.54,0.03,up,RS PT YULIE SEKURITAS INDONESIA TBK,
2026-09-30,2026-10-01,ENRG,"ENERGI MEGA PERSADA Tbk, PT",CGS INTERNATIONAL SEKURITAS INDONESIA,L,INDONESIA,2000038169,2000068169,30000,0.00,7.53,7.53,0.00,up,YU PT CGS International Sekuritas Indonesia,
2026-09-30,2026-10-01,ENRG,"ENERGI MEGA PERSADA Tbk, PT",PT MAYBANK SEKURITAS INDONESIA - REGISTRAR,L,INDONESIA,2255848700,2255834700,-14000,-0.00,8.49,8.49,0.00,down,ZP PT MAYBANK SEKURITAS INDONESIA,
2026-09-30,2026-10-01,FILM,"MD ENTERTAINMENT Tbk, PT",MORGAN STANLEY AND CO INTERNATIONAL PLC,A,UNITED KINGDOM,1140457402,1140461102,3700,0.00,10.47,10.47,0.00,up,PT Bank HSBC Indonesia,
2026-09-30,2026-10-01,FLMC,"FALMACO NONWOVEN INDUSTRI Tbk, PT",HANS SAPUTRA,L,INDONESIA,45177321,61541085,16363764,36.22,5.78,7.88,2.10,up,TP PT OCBC SEKURITAS INDONESIA,
2026-09-30,2026-10-01,FORE,"FORE KOPI INDONESIA Tbk, PT",FERRY SUDJONO,L,INDONESIA,538114600,531614600,-6500000,-1.21,6.03,5.96,-0.07,down,HP PT HENAN PUTIHRAI SEKURITAS,
2026-09-30,2026-10-01,GOTO,"GOTO GOJEK TOKOPEDIA Tbk, PT",MORGAN STANLEY AND CO INTERNATIONAL PLC,A,UNITED KINGDOM,63788060674,63838060674,50000000,0.08,5.36,5.36,0.00,up,PT Bank HSBC Indonesia,
2026-09-30,2026-10-01,GPRA,"PERDANA GAPURAPRIMA Tbk, PT","ABADIMUKTI GUNALESTARI, PT",L,INDONESIA,1972835220,1976970820,4135600,0.21,46.13,46.23,0.10,up,YU PT CGS International Sekuritas Indonesia | KI PT CIPTADANA SEKURITAS ASIA | ZP PT MAYBANK SEKURITAS INDONESIA,
2026-09-30,2026-10-01,GPRA,"PERDANA GAPURAPRIMA Tbk, PT",ADITYA ANTONIUS,L,INDONESIA,235899500,236704300,804800,0.34,5.52,5.53,0.01,up,"OD BRI DANAREKSA SEKURITAS, PT",
2026-09-30,2026-10-01,GPRA,"PERDANA GAPURAPRIMA Tbk, PT","KHARISMA ANDALAS PUTRA, PT",L,INDONESIA,219302934,219303734,800,0.00,5.13,5.13,0.00,up,XA PT NH KORINDO SEKURITAS INDONESIA,
2026-09-30,2026-10-01,HELI,"JAYA TRISHINDO Tbk, PT",PT. AVIA NUSANTARA KHATULISTIWA,L,INDONESIA,70110900,70104900,-6000,-0.01,8.42,8.42,0.00,down,AI PT KAY HIAN SEKURITAS,
2026-09-30,2026-10-01,IMPC,"IMPACK PRATAMA INDUSTRI Tbk, PT",TUNGGAL JAYA INVESTAMA PT,L,INDONESIA,5217610094,5219324794,1714700,0.03,9.50,9.51,0.01,up,SQ PT BCA SEKURITAS,
2026-09-30,2026-10-01,ITMG,"INDO TAMBANGRAYA MEGAH Tbk, PT",PT INDO TAMBANGRAYA MEGAH TBK,L,INDONESIA,60863500,61831000,967500,1.59,5.39,5.47,0.08,up,"NI BNI SEKURITAS, PT",
2026-09-30,2026-10-01,JAST,"JASNITA TELEKOMINDO Tbk, PT",UOB KAY HIAN PRIVATE LIMITED,A,SINGAPORE,329407886,329907886,500000,0.15,30.43,30.47,0.04,up,AI PT KAY HIAN SEKURITAS,
2026-09-30,2026-10-01,JECX,"NITRASANATA DHARMA Tbk, PT",MAGNA SELARAS LESTARI PT,L,INDONESIA,297216797,297246797,30000,0.01,9.14,9.14,0.00,up,LG PT. TRIMEGAH SEKURITAS INDONESIA TBK,
2026-09-30,2026-10-01,KBAG,"KARYA BERSAMA ANUGERAH Tbk, PT",SALIM LIM,L,INDONESIA,741044200,741814200,770000,0.10,10.36,10.38,0.02,up,"NI BNI SEKURITAS, PT",
2026-09-30,2026-10-01,KRYA,"BANGUN KARYA PERKASA JAYA Tbk, PT",HOK GWAN (DHARMO BUDIONO),L,INDONESIA,166686900,166686900,0,0.00,10.02,10.02,0.00,shuffle,"CC MANDIRI SEKURITAS, PT | BQ PT KOREA INVESTMENT AND SEKURITAS INDONESIA",
2026-09-30,2026-10-01,LOPI,"LOGISTICSPLUS INTERNATIONAL Tbk, PT",TJEUW HERYANTO,L,,77809300,77790400,-18900,-0.02,7.07,7.07,0.00,down,SQ PT BCA SEKURITAS,
2026-09-30,2026-10-01,LPLI,"STAR PACIFIC Tbk, PT",HX TRADING LIMITED,A,"VIRGIN ISLANDS, BRITISH",206504367,206452367,-52000,-0.03,17.64,17.64,0.00,down,IU PT INDO CAPITAL SEKURITAS,
2026-09-30,2026-10-01,LUCY,"LIMA DUA LIMA TIGA Tbk, PT",DIMAS WIBOWO,L,INDONESIA,383584486,194584486,-189000000,-49.27,25.32,12.85,-12.47,down,HP PT HENAN PUTIHRAI SEKURITAS,
2026-09-30,2026-10-01,LUCY,"LIMA DUA LIMA TIGA Tbk, PT","HP CAPITAL RESOURCES, PT",L,INDONESIA,0,194275700,194275700,,0.00,12.83,12.83,in,"HP PT HENAN PUTIHRAI SEKURITAS | PT. BANK PERMATA, TBK",
2026-09-30,2026-10-01,MAPI,"MITRA ADIPERKASA Tbk, PT",SAMUDRA (INVESTMENT) PTE.LTD,A,SINGAPORE,5026978400,5034596400,7618000,0.15,30.28,30.33,0.05,up,PD PT INDO PREMIER SEKURITAS,
2026-09-30,2026-10-01,MDIY,"DAYA INTIGUNA YASA Tbk, PT",TAN YU WEI,A,MALAYSIA,1435116100,1435186100,70000,0.00,5.70,5.70,0.00,up,BUT. STANDARD CHARTERED BANK,
2026-09-30,2026-10-01,MDLN,"MODERNLAND REALTY Tbk, PT",PT HONORIS CORPORINDO PRATAMA,L,INDONESIA,1647364426,1650134426,2770000,0.17,13.14,13.17,0.03,up,DR PT RHB SEKURITAS INDONESIA,
2026-09-30,2026-10-01,MMIX,"MULTI MEDIKA INTERNASIONAL Tbk, PT",PT MULTI INTI USAHA,L,INDONESIA,2709036100,2709046900,10800,0.00,56.43,56.43,0.00,up,YB PT Yakin Bertumbuh Sekuritas,
2026-09-30,2026-10-01,MNCN,"MEDIA NUSANTARA CITRA Tbk, PT",PT GLOBAL MEDIACOM TBK,L,INDONESIA,5745571356,5518503156,-227068200,-3.95,38.18,36.67,-1.51,down,EP PT MNC SEKURITAS,
2026-09-30,2026-10-01,MTLA,METROPOLITAN LAND Tbk. PT,PT YULIE SEKURITAS INDONESIA TBK,L,INDONESIA,553900961,478900961,-75000000,-13.54,7.24,6.26,-0.98,down,RS PT YULIE SEKURITAS INDONESIA TBK,
2026-09-30,2026-10-01,NANO,"NANOTECH INDONESIA GLOBAL Tbk, PT",PT SOFTBANK VENTURA INDONESIA,L,INDONESIA,387839746,387877946,38200,0.01,9.05,9.05,0.00,up,"CC MANDIRI SEKURITAS, PT",
2026-09-30,2026-10-01,NSSS,"NUSANTARA SAWIT SEJAHTERA Tbk, PT",PT NUSANTARA MAKMUR LESTARI,L,INDONESIA,2250477900,2250417900,-60000,-0.00,9.46,9.45,-0.01,down,"GR PANIN SEKURITAS Tbk, PT",
2026-09-30,2026-10-01,NSSS,"NUSANTARA SAWIT SEJAHTERA Tbk, PT",PT SAMUEL SEKURITAS INDONESIA,L,INDONESIA,8445674400,8274869100,-170805300,-2.02,35.48,34.77,-0.71,down,"IF SAMUEL SEKURITAS INDONESIA, PT",
2026-09-30,2026-10-01,OASA,MAHARAKSA BIRU ENERGI Tbk,IR GAFUR SULISTYO UMAR MBA,L,INDONESIA,2020437993,2009013293,-11424700,-0.57,31.83,31.65,-0.18,down,II PT DANATAMA MAKMUR SEKURITAS,
2026-09-30,2026-10-01,PCAR,"PRIMA CAKRAWALA ABADI Tbk, PT",HEROWIRATNO GUNAWAN,L,INDONESIA,0,60650000,60650000,,0.00,5.20,5.20,in,"AO ERDIKHA ELIT, PT | CP PT KB VALBURY SEKURITAS",
2026-09-30,2026-10-01,PEGE,"PANCA GLOBAL KAPITAL Tbk, PT",OPTIMUS VISION GLOBAL PTE.LTD,A,SINGAPORE,0,191778774,191778774,,0.00,5.08,5.08,in,PG PT PANCA GLOBAL SEKURITAS,
2026-09-30,2026-10-01,PRDA,"PRODIA WIDYAHUSADA Tbk, PT",PT PRODIA WIDYAHUSADA TBK,L,INDONESIA,61438600,61771900,333300,0.54,6.55,6.59,0.04,up,PT BANK DBS INDONESIA,
2026-09-30,2026-10-01,PURA,"PUTRA RAJAWALI KENCANA Tbk, PT",CGS INTERNATIONAL SECURITIES SINGAPORE PTE LTD,A,SINGAPORE,395282300,395582300,300000,0.08,6.27,6.28,0.01,up,YU PT CGS International Sekuritas Indonesia,
2026-09-30,2026-10-01,RLCO,"ABADI LESTARI INDONESIA Tbk, PT",PT SAMUEL SEKURITAS INDONESIA,L,INDONESIA,205334300,175686100,-29648200,-14.44,6.57,5.62,-0.95,down,"IF SAMUEL SEKURITAS INDONESIA, PT",
2026-09-30,2026-10-01,SCNP,"SELARAS CITRA NUSANTARA PERKASA Tbk, PT",PT SELARAS CITRA NUSANTARA PERKASA TBK,L,INDONESIA,192334900,192234900,-100000,-0.05,7.69,7.69,0.00,down,MI PT VICTORIA SEKURITAS INDONESIA,
2026-09-30,2026-10-01,SMMA,"SINAR MAS MULTIARTHA Tbk, PT",SINAR MAS CAKRAWALA,L,INDONESIA,3177209504,3178686379,1476875,0.05,49.90,49.92,0.02,up,"DH SINARMAS SEKURITAS, PT",
2026-09-30,2026-10-01,SQMI,"WILTON MAKMUR INDONESIA Tbk, PT",CGS INTERNATIONAL SECURITIES SINGAPORE PTE LTD,A,SINGAPORE,2200569029,2201569029,1000000,0.05,14.16,14.17,0.01,up,YU PT CGS International Sekuritas Indonesia,
2026-09-30,2026-10-01,SRTG,"SARATOGA INVESTAMA SEDAYA Tbk, PT",EDWIN SOERYADJAYA,L,INDONESIA,4878033290,4878651390,618100,0.01,35.96,35.97,0.01,up,XL PT. STOCKBIT SEKURITAS DIGITAL,
2026-09-30,2026-10-01,STRK,"LOVINA BEACH BREWERY Tbk, PT",PHILLIP SECURITIES PTE LTD,A,SINGAPORE,1705942700,1705972700,30000,0.00,15.91,15.91,0.00,up,KK PT PHILLIP SEKURITAS INDONESIA,
2026-09-30,2026-10-01,SUPA,"SUPER BANK INDONESIA Tbk, PT",A5-DB HOLDINGS PTE. LTD.,A,SINGAPORE,5734205173,5735705173,1500000,0.03,16.92,16.92,0.00,up,"CC MANDIRI SEKURITAS, PT",
2026-09-30,2026-10-01,SURI,"MAJA AGUNG LATEXINDO Tbk, PT",HANSEN JAP,L,INDONESIA,5480831100,5481688400,857300,0.02,86.53,86.54,0.01,up,"CC MANDIRI SEKURITAS, PT",
2026-09-30,2026-10-01,TLKM,"TELKOM INDONESIA (PERSERO) Tbk, PT",THE BANK OF NEW YORK MELLON,A,UNITED STATES,6177693880,6149779380,-27914500,-0.45,6.24,6.21,-0.03,down,"BANK MANDIRI, PT - CUSTODY",
2026-09-30,2026-10-01,TRST,"TRIAS SENTOSA Tbk, PT","PRIMA POLYCON INDAH, PT.",L,INDONESIA,164367860,164407860,40000,0.02,5.85,5.85,0.00,up,AZ PT SUCOR SEKURITAS,
2026-09-30,2026-10-01,True,"TRINITI DINAMIK Tbk, PT",PT PERINTIS TRINITI PROPERTI TBK,L,INDONESIA,0,1097261584,1097261584,,0.00,14.49,14.49,in,YP PT MIRAE ASSET SEKURITAS INDONESIA,
2026-09-30,2026-10-01,UNTR,"UNITED TRACTORS Tbk, PT",PT UNITED TRACTORS TBK,L,INDONESIA,296647700,296765300,117600,0.04,7.95,7.96,0.01,up,"BANK RAKYAT INDONESIA (PERSERO), PT",
2026-09-30,2026-10-01,UVCR,"TRIMEGAH KARYA PRATAMA Tbk, PT",DJONI,L,INDONESIA,0,102000000,102000000,,0.00,5.10,5.10,in,"CC MANDIRI SEKURITAS, PT",
2026-09-30,2026-10-01,VERN,"VERONA INDAH PICTURES Tbk, PT",ANGELIA PUSPITASARI,L,INDONESIA,238840200,0,-238840200,-100.00,5.01,0.00,-5.01,out,"OD BRI DANAREKSA SEKURITAS, PT | AZ PT SUCOR SEKURITAS",
2026-09-30,2026-10-01,YULE,"YULIE SEKURITAS INDONESIA Tbk, PT",Sabrina Evelyn Elian,L,INDONESIA,92094916,92099816,4900,0.01,5.16,5.16,0.00,up,RB PT INA SEKURITAS INDONESIA,
2026-10-01,2026-10-02,ABDA,"ASURANSI BINA DANA ARTA Tbk, PT",OONA INDONESIA PTE LTD,A,SINGAPORE,538631104,476629304,-62001800,-11.51,86.76,76.78,-9.98,down,"CC MANDIRI SEKURITAS, PT",
2026-10-01,2026-10-02,ARNA,"ARWANA CITRAMULIA Tbk, PT","PT ARWANA CITRAMULIA, Tbk",L,INDONESIA,388030900,388330900,300000,0.08,5.29,5.29,0.00,up,DR PT RHB SEKURITAS INDONESIA,
2026-10-01,2026-10-02,BDKR,"BERDIKARI PONDASI PERKASA Tbk, PT","HARUNA BINOSWARA JAYA, PT",L,INDONESIA,261870500,261675400,-195100,-0.07,5.54,5.54,0.00,down,CP PT KB VALBURY SEKURITAS,
2026-10-01,2026-10-02,BEEF,"ESTIKA TATA TIARA Tbk, PT",DIMAS WIBOWO,L,INDONESIA,701908342,702026742,118400,0.02,8.64,8.65,0.01,up,SQ PT BCA SEKURITAS,
2026-10-01,2026-10-02,BINA,BANK INA PERDANA Tbk. PT,PT ASURANSI JIWA CENTRAL ASIA RAYA,L,INDONESIA,435177700,422677700,-12500000,-2.87,7.09,6.89,-0.20,down,"BANK CIMB NIAGA TBK, PT",
2026-10-01,2026-10-02,BKSL,"SENTUL CITY Tbk, PT",PT SAMUEL SEKURITAS INDONESIA,L,INDONESIA,9372209454,8688323654,-683885800,-7.30,5.59,5.18,-0.41,down,"IF SAMUEL SEKURITAS INDONESIA, PT",
2026-10-01,2026-10-02,BSML,"BINTANG SAMUDERA MANDIRI LINES Tbk, PT","SANCA GRIYA MODALINDO, PT",L,INDONESIA,0,94118700,94118700,,0.00,5.09,5.09,in,CP PT KB VALBURY SEKURITAS,
2026-10-01,2026-10-02,BULL,"BUANA LINTAS LAUTAN Tbk, PT",PT DELTA ROYAL SEJAHTERA,L,INDONESIA,2251898042,2251898042,0,0.00,14.53,14.53,0.00,shuffle,KI PT CIPTADANA SEKURITAS ASIA | AI PT KAY HIAN SEKURITAS,
2026-10-01,2026-10-02,BYAN,BAYAN RESOURCES Tbk,LOW TUCK KWONG,L,INDONESIA,13416921870,13416921870,0,0.00,40.25,40.25,0.00,shuffle,BUT DEUTSCHE BANK AG | BUT. STANDARD CHARTERED BANK | PT Bank HSBC Indonesia,
2026-10-01,2026-10-02,DEWI,"DEWI SHRI FARMINDO Tbk, PT",SUJITO NGATIMAN,L,INDONESIA,147988700,155387300,7398600,5.00,7.40,7.77,0.37,up,XA PT NH KORINDO SEKURITAS INDONESIA,
2026-10-01,2026-10-02,DGIK,"NUSA KONSTRUKSI ENJINIRING Tbk, PT",OCBC SECURITIES PRIVATE LIMITED,A,SINGAPORE,536633200,536583200,-50000,-0.01,9.68,9.68,0.00,down,"CITIBANK, N. A",
2026-10-01,2026-10-02,EDGE,"INDOINTERNET Tbk, PT",DIGITAL EDGE (HONG KONG) LIMITED,A,HONG KONG,1201448300,1201683000,234700,0.02,59.47,59.48,0.01,up,PD PT INDO PREMIER SEKURITAS,
2026-10-01,2026-10-02,EMMI,"ESA MEDIKA MANDIRI Tbk, PT",PT YULIE SEKURITAS INDONESIA TBK,L,INDONESIA,183697400,184132400,435000,0.24,10.54,10.56,0.02,up,RS PT YULIE SEKURITAS INDONESIA TBK,
2026-10-01,2026-10-02,ENRG,"ENERGI MEGA PERSADA Tbk, PT",CGS INTERNATIONAL SEKURITAS INDONESIA,L,INDONESIA,2000068169,2000048169,-20000,-0.00,7.53,7.53,0.00,down,YU PT CGS International Sekuritas Indonesia,
2026-10-01,2026-10-02,ENRG,"ENERGI MEGA PERSADA Tbk, PT",PT MAYBANK SEKURITAS INDONESIA - REGISTRAR,L,INDONESIA,2255834700,2255863000,28300,0.00,8.49,8.49,0.00,up,ZP PT MAYBANK SEKURITAS INDONESIA,
2026-10-01,2026-10-02,EURO,"ESTEE GOLD FEET Tbk, PT",PT TRUKINDO PERSADA SEJAHTERA,L,INDONESIA,261763200,275763200,14000000,5.35,10.27,10.82,0.55,up,II PT DANATAMA MAKMUR SEKURITAS,
2026-10-01,2026-10-02,FILM,"MD ENTERTAINMENT Tbk, PT",MORGAN STANLEY AND CO INTERNATIONAL PLC,A,UNITED KINGDOM,1140461102,1140692702,231600,0.02,10.47,10.48,0.01,up,PT Bank HSBC Indonesia,
2026-10-01,2026-10-02,FILM,"MD ENTERTAINMENT Tbk, PT",PT SAMUEL SEKURITAS INDONESIA,L,INDONESIA,1049325300,980247600,-69077700,-6.58,9.64,9.00,-0.64,down,"IF SAMUEL SEKURITAS INDONESIA, PT",
2026-10-01,2026-10-02,FUJI,"FUJI FINANCE INDONESIA Tbk, PT",GIDEON SURYATIKA,L,INDONESIA,67676500,67675300,-1200,-0.00,5.21,5.21,0.00,down,"AO ERDIKHA ELIT, PT",
2026-10-01,2026-10-02,GPRA,"PERDANA GAPURAPRIMA Tbk, PT","ABADIMUKTI GUNALESTARI, PT",L,INDONESIA,1976970820,1976970920,100,0.00,46.23,46.23,0.00,up,CP PT KB VALBURY SEKURITAS | YP PT MIRAE ASSET SEKURITAS INDONESIA | XA PT NH KORINDO SEKURITAS INDONESIA,
2026-10-01,2026-10-02,GPRA,"PERDANA GAPURAPRIMA Tbk, PT",ADITYA ANTONIUS,L,INDONESIA,236704300,236773400,69100,0.03,5.53,5.54,0.01,up,"OD BRI DANAREKSA SEKURITAS, PT | MG PT SEMESTA INDOVEST SEKURITAS",
2026-10-01,2026-10-02,GPRA,"PERDANA GAPURAPRIMA Tbk, PT","KHARISMA ANDALAS PUTRA, PT",L,INDONESIA,219303734,219305034,1300,0.00,5.13,5.13,0.00,up,XA PT NH KORINDO SEKURITAS INDONESIA,
2026-10-01,2026-10-02,HYGN,"ECOCARE INDO PASIFIK Tbk, PT",PERSHING LLC MAIN CUSTODY ACCOUNT,A,UNITED STATES,214490500,214510500,20000,0.01,8.49,8.50,0.01,up,"CITIBANK, N. A",
2026-10-01,2026-10-02,IMPC,"IMPACK PRATAMA INDUSTRI Tbk, PT",TUNGGAL JAYA INVESTAMA PT,L,INDONESIA,5219324794,5219624794,300000,0.01,9.51,9.51,0.00,up,SQ PT BCA SEKURITAS,
2026-10-01,2026-10-02,IPOL,"INDOPOLY SWAKARSA INDUSTRY Tbk, PT",PT. HOKI INVESTASI SEJATI,L,INDONESIA,336255500,337112600,857100,0.25,5.22,5.23,0.01,up,AF PT HARITA KENCANA SEKURITAS,
2026-10-01,2026-10-02,ITMG,"INDO TAMBANGRAYA MEGAH Tbk, PT",PT INDO TAMBANGRAYA MEGAH TBK,L,INDONESIA,61831000,62200000,369000,0.60,5.47,5.50,0.03,up,"NI BNI SEKURITAS, PT",
2026-10-01,2026-10-02,JAST,"JASNITA TELEKOMINDO Tbk, PT",UOB KAY HIAN PRIVATE LIMITED,A,SINGAPORE,329907886,329689886,-218000,-0.07,30.47,30.45,-0.02,down,AI PT KAY HIAN SEKURITAS,
2026-10-01,2026-10-02,JECX,"NITRASANATA DHARMA Tbk, PT",MAGNA SELARAS LESTARI PT,L,INDONESIA,297246797,297316797,70000,0.02,9.14,9.14,0.00,up,LG PT. TRIMEGAH SEKURITAS INDONESIA TBK,
2026-10-01,2026-10-02,KBAG,"KARYA BERSAMA ANUGERAH Tbk, PT",SALIM LIM,L,INDONESIA,741814200,742514200,700000,0.09,10.38,10.38,0.00,up,"NI BNI SEKURITAS, PT",
2026-10-01,2026-10-02,LOPI,"LOGISTICSPLUS INTERNATIONAL Tbk, PT",TJEUW HERYANTO,L,,77790400,77375000,-415400,-0.53,7.07,7.03,-0.04,down,SQ PT BCA SEKURITAS,
2026-10-01,2026-10-02,LPLI,"STAR PACIFIC Tbk, PT",HX TRADING LIMITED,A,"VIRGIN ISLANDS, BRITISH",206452367,206360767,-91600,-0.04,17.64,17.63,-0.01,down,IU PT INDO CAPITAL SEKURITAS,
2026-10-01,2026-10-02,LUCY,"LIMA DUA LIMA TIGA Tbk, PT","HP CAPITAL RESOURCES, PT",L,INDONESIA,194275700,194275700,0,0.00,12.83,12.83,0.00,shuffle,"HP PT HENAN PUTIHRAI SEKURITAS | PT. BANK PERMATA, TBK",
2026-10-01,2026-10-02,MAPI,"MITRA ADIPERKASA Tbk, PT",SAMUDRA (INVESTMENT) PTE.LTD,A,SINGAPORE,5034596400,5044596400,10000000,0.20,30.33,30.39,0.06,up,PD PT INDO PREMIER SEKURITAS,
2026-10-01,2026-10-02,MAXI,"MAXINDO KARYA ANUGERAH Tbk, PT",ESTA PRIMA INVESTAMA PT,L,INDONESIA,633343000,618435800,-14907200,-2.35,6.59,6.44,-0.15,down,SH PT ARTHA SEKURITAS INDONESIA,
2026-10-01,2026-10-02,MDIY,"DAYA INTIGUNA YASA Tbk, PT",TAN YU WEI,A,MALAYSIA,1435186100,1435256100,70000,0.00,5.70,5.70,0.00,up,BUT. STANDARD CHARTERED BANK,
2026-10-01,2026-10-02,MMIX,"MULTI MEDIKA INTERNASIONAL Tbk, PT",PT MULTI INTI USAHA,L,INDONESIA,2709046900,2719868000,10821100,0.40,56.43,56.66,0.23,up,LG PT. TRIMEGAH SEKURITAS INDONESIA TBK,
2026-10-01,2026-10-02,MNCN,"MEDIA NUSANTARA CITRA Tbk, PT",PT GLOBAL MEDIACOM TBK,L,INDONESIA,5518503156,5513617756,-4885400,-0.09,36.67,36.64,-0.03,down,YP PT MIRAE ASSET SEKURITAS INDONESIA,
2026-10-01,2026-10-02,MPIX,"MITRA PEDAGANG INDONESIA Tbk, PT","MADURA PRIMA INVESTAMA, PT",L,INDONESIA,0,937500000,937500000,,0.00,60.00,60.00,in,CP PT KB VALBURY SEKURITAS,
2026-10-01,2026-10-02,MTLA,METROPOLITAN LAND Tbk. PT,PT YULIE SEKURITAS INDONESIA TBK,L,INDONESIA,478900961,407521861,-71379100,-14.90,6.26,5.32,-0.94,down,RS PT YULIE SEKURITAS INDONESIA TBK,
2026-10-01,2026-10-02,NANO,"NANOTECH INDONESIA GLOBAL Tbk, PT",PT SOFTBANK VENTURA INDONESIA,L,INDONESIA,387877946,337084346,-50793600,-13.10,9.05,7.87,-1.18,down,"CC MANDIRI SEKURITAS, PT",
2026-10-01,2026-10-02,NSSS,"NUSANTARA SAWIT SEJAHTERA Tbk, PT",PT NUSANTARA MAKMUR LESTARI,L,INDONESIA,2250417900,2250325300,-92600,-0.00,9.45,9.45,0.00,down,"GR PANIN SEKURITAS Tbk, PT",
2026-10-01,2026-10-02,PACK,"ABADI NUSANTARA HIJAU INVESTAMA Tbk, PT",PT ECO ENERGI PERKASA,L,INDONESIA,13135904682,13158749682,22845000,0.17,38.50,38.56,0.06,up,SQ PT BCA SEKURITAS,
2026-10-01,2026-10-02,PEGE,"PANCA GLOBAL KAPITAL Tbk, PT",OPTIMUS VISION GLOBAL PTE.LTD,A,SINGAPORE,191778774,192478774,700000,0.37,5.08,5.09,0.01,up,PG PT PANCA GLOBAL SEKURITAS,
2026-10-01,2026-10-02,PRDA,"PRODIA WIDYAHUSADA Tbk, PT",PT PRODIA WIDYAHUSADA TBK,L,INDONESIA,61771900,62064900,293000,0.47,6.59,6.62,0.03,up,PT BANK DBS INDONESIA,
2026-10-01,2026-10-02,SMMA,"SINAR MAS MULTIARTHA Tbk, PT",SINAR MAS CAKRAWALA,L,INDONESIA,3178686379,3176881248,-1805131,-0.06,49.92,49.89,-0.03,down,"DH SINARMAS SEKURITAS, PT",
2026-10-01,2026-10-02,SRTG,"SARATOGA INVESTAMA SEDAYA Tbk, PT",EDWIN SOERYADJAYA,L,INDONESIA,4878651390,4879180290,528900,0.01,35.97,35.97,0.00,up,XL PT. STOCKBIT SEKURITAS DIGITAL,
2026-10-01,2026-10-02,STRK,"LOVINA BEACH BREWERY Tbk, PT",PHILLIP SECURITIES PTE LTD,A,SINGAPORE,1705972700,1706072700,100000,0.01,15.91,15.91,0.00,up,KK PT PHILLIP SEKURITAS INDONESIA,
2026-10-01,2026-10-02,SUPA,"SUPER BANK INDONESIA Tbk, PT",A5-DB HOLDINGS PTE. LTD.,A,SINGAPORE,5735705173,5737105173,1400000,0.02,16.92,16.93,0.01,up,"CC MANDIRI SEKURITAS, PT",
2026-10-01,2026-10-02,TGUK,"PLATINUM WAHAB NUSANTARA Tbk, PT","DINASTI KREATIF INDONESIA, PT",L,INDONESIA,2030032377,0,-2030032377,-100.00,56.84,0.00,-56.84,out,KI PT CIPTADANA SEKURITAS ASIA,VISIONARY CAPITAL GLOBAL
2026-10-01,2026-10-02,TGUK,"PLATINUM WAHAB NUSANTARA Tbk, PT",VISIONARY CAPITAL GLOBAL PTE. LTD.,A,SINGAPORE,0,2030032377,2030032377,,0.00,56.84,56.84,in,KI PT CIPTADANA SEKURITAS ASIA,DINASTI KREATIF INDONESIA
2026-10-01,2026-10-02,TLKM,"TELKOM INDONESIA (PERSERO) Tbk, PT",THE BANK OF NEW YORK MELLON,A,UNITED STATES,6149779380,6117050180,-32729200,-0.53,6.21,6.17,-0.04,down,PT Bank HSBC Indonesia,
2026-10-01,2026-10-02,TRIN,"PERINTIS TRINITI PROPERTI Tbk, PT",PT INTAN INVESTAMA INTERNASIONAL,L,INDONESIA,1221574500,1220718400,-856100,-0.07,26.84,26.82,-0.02,down,YP PT MIRAE ASSET SEKURITAS INDONESIA,
2026-10-01,2026-10-02,TRIN,"PERINTIS TRINITI PROPERTI Tbk, PT",PT KUNCI DAUD INDONESIA,L,INDONESIA,1608738000,1572797300,-35940700,-2.23,35.35,34.56,-0.79,down,YP PT MIRAE ASSET SEKURITAS INDONESIA,
2026-10-01,2026-10-02,TRST,"TRIAS SENTOSA Tbk, PT","PRIMA POLYCON INDAH, PT.",L,INDONESIA,164407860,164436460,28600,0.02,5.85,5.86,0.01,up,AZ PT SUCOR SEKURITAS,
2026-10-01,2026-10-02,VERN,"VERONA INDAH PICTURES Tbk, PT",ANGELIA PUSPITASARI,L,INDONESIA,0,238533000,238533000,,0.00,5.01,5.01,in,"OD BRI DANAREKSA SEKURITAS, PT | AZ PT SUCOR SEKURITAS",
2026-10-01,2026-10-02,YULE,"YULIE SEKURITAS INDONESIA Tbk, PT",Sabrina Evelyn Elian,L,INDONESIA,92099816,92101116,1300,0.00,5.16,5.16,0.00,up,RB PT INA SEKURITAS INDONESIA,
